{"1": [603694.1367992361, 603694.1367992361, 603694.1367992361, 603694.1367992361, 603694.1367992361, 603694.1367992361, 603694.1367992361, 603694.1367992361, 603694.1367992361, 603694.1367992361, 603694.1367992361, 603694.1367992361, 603694.1367992361, 603694.1367992361, 603694.1367992361, 603694.1367992361, 603694.1367992361, 603694.1367992361, 603694.1367992361, 603694.1367992361, 603694.1367992361, 603694.1367992361, 603694.1367992361, 603694.1367992361, 603694.1367992361, 603694.1367992361, 603694.1367992361, 603694.1367992361, 603694.1367992361, 603694.1367992361, 603694.1367992361, 603694.1367992361, 603694.1367992361, 603694.1367992361, 603694.1367992361, 603694.1367992361, 603694.1367992361, 603694.1367992361, 603694.1367992361, 603694.1367992361, 603694.1367992361, 603694.1367992361, 603694.1367992361, 603694.1367992361, 603694.1367992361, 603694.1367992361, 603694.1367992361, 603694.1367992361, 603694.1367992361, 603694.1367992361], "2": [602172.4663001887, 603140.1555247242, 602172.4702264051, 603144.3325399777, 603144.1650588253, 603144.3477923743, 603142.1052803532, 602172.326297803, 603005.296053291, 602172.5783522315, 602172.6995371864, 603144.3509892917, 603144.1145072168, 602172.5061609878, 603141.2807130256, 602172.3173168338, 602172.2110560302, 602172.5664862324, 602172.5870640527, 603144.2046574481, 602172.6760353323, 602172.2783876762, 602172.6191010214, 603140.8351354531, 602172.508858606, 602172.4182109258, 603141.5537793076, 602172.2373377837, 603004.2319133391, 602172.505566262, 602172.2122210653, 602172.5663517902, 603143.1678195641, 603005.4045058421, 602172.385384378, 603003.6690275583, 602172.7039918732, 603139.8497162026, 602172.6219582196, 603141.9370812983, 603141.2661509408, 603141.1081581886, 602172.2493247015, 603142.7675186172, 603141.4473129144, 603006.159731482, 603144.2342197781, 602172.3940840092, 602172.6686943407, 602172.3873704992], "3": [602049.0714306758, 602049.1090106887, 602141.2103523555, 602061.2379975049, 602049.7056413322, 602049.2171116469, 602049.1448738346, 602050.9798121151, 602049.4282467528, 602047.5873080249, 602049.4897710776, 602123.5865048053, 602050.7095728207, 602076.0058357328, 602049.8948256228, 602051.9523258192, 602050.4583155854, 602109.307103073, 602050.3682350499, 602049.5767599503, 602051.0436950468, 602050.1104743421, 602048.9009685933, 602049.2335521359, 602050.1964784743, 602062.7649412242, 602050.5716591638, 602061.9079918913, 602050.0843181745, 602049.8280781828, 602052.2480861212, 602115.7846306444, 602049.1537011536, 602108.4082188661, 602049.7068289265, 602050.267096657, 602072.8463739823, 602050.1123228958, 602049.3497417445, 602050.0706950582, 602066.7272463765, 602048.8035645328, 602049.6868371522, 602053.70414215, 602050.296478481, 602055.900267607, 602051.7256326245, 602050.2521676414, 602051.0988928761, 602050.5554054611], "4": [601797.4516416587, 601990.013730164, 601796.170981201, 601796.7226770065, 601756.6434947058, 601986.46026527, 601973.5838126134, 601990.226647115, 601795.430711678, 601795.7570548914, 601987.1476055701, 601793.4396902024, 601797.7102896174, 602019.3626806163, 601988.6091395373, 601794.6268601023, 601992.6760160133, 601798.5175654825, 601977.8352430233, 601986.590464313, 601760.9508840208, 602017.6475643971, 601797.3244824114, 601796.0701515483, 601971.0511103983, 601797.5802518375, 601990.3654555617, 601966.4545888792, 601799.1575194232, 601763.5923533785, 601966.7165558187, 601795.5403264327, 601794.272936678, 601795.0601938273, 602113.8867778864, 601794.0217733026, 601754.1437770736, 601791.0206993549, 601794.6271541073, 601795.1965771449, 601977.1892614231, 601793.3800400951, 601796.5444782577, 601797.3235093337, 601758.6662827664, 601794.0981947371, 601980.5132357638, 601792.7622435172, 601801.8915033992, 601794.9910750967], "5": [602045.805816588, 601718.2989448649, 601675.2287429202, 601670.663473928, 601696.1934439896, 601718.3921368255, 601678.0363673542, 601685.5344341677, 601663.7376695903, 601825.3011911339, 601670.3467199288, 601687.0691307092, 602050.430631074, 601875.2422633293, 601674.9394966394, 602056.129370664, 601681.3291480681, 601736.2580160081, 601869.9625920334, 601672.7346518039, 601801.8519167026, 601856.4334293904, 601677.8201379156, 601742.6641601229, 601737.7827833842, 601678.4210497562, 601679.5042795368, 602042.0374558656, 601688.4004937265, 601809.7307089291, 601678.1604293983, 601962.7511894535, 601777.4584587675, 602046.6645909918, 602052.3783154318, 601957.3998682008, 601867.14965695, 601677.8658762437, 601676.0946960606, 601674.8247563152, 601670.1043487671, 601676.2988666341, 601739.1571304128, 601700.4848561282, 601777.4167314819, 601689.906356077, 602051.1219476456, 602049.9213405405, 601674.7126629687, 601671.0577852988], "6": [601818.7959336467, 601705.2949312775, 601698.8917000203, 601687.9650137562, 601720.7836657062, 601877.0932293369, 601699.5029465811, 601696.2409674575, 601763.3544351705, 601680.8946584521, 601812.8556695716, 601697.7290057755, 601748.5735437024, 601711.2762840244, 601686.6601155001, 601695.9413747732, 601696.9764278942, 601823.177891204, 601703.8194438621, 601735.3727583105, 601728.3996255173, 601719.5558298203, 601705.6333275613, 601709.3861240325, 601717.3108248477, 601678.7091396508, 601688.8967836251, 601684.1192435642, 601708.4687648288, 601712.4594700774, 601759.8089220254, 601721.1567421132, 601691.2627050229, 601705.9415627373, 601707.8790219622, 601713.6639170438, 601695.8007111867, 601682.417787542, 601711.9204716373, 601699.4504803974, 601704.5063615174, 601732.8025909743, 601733.4030333022, 601711.2494710049, 601705.2564434417, 601678.2988681932, 601888.69632972, 601683.1088128311, 601705.5605268773, 601748.6697343559], "7": [601716.9779400153, 601778.4524712976, 601762.7409723903, 601754.4235312023, 601767.7638566974, 601763.8883131668, 601752.8210723988, 601814.6077758325, 601790.7540518802, 601742.7974405908, 601832.8099467141, 601726.0092995762, 601739.232914059, 601758.1692595925, 601784.1918488878, 601763.2456057232, 601864.0575301507, 601721.677017146, 601875.7243048932, 601760.8529564416, 601763.3393008906, 601797.1731939969, 601786.2062570972, 601798.089742708, 601803.4077511452, 601758.332086974, 601750.437404843, 601746.0183323581, 601748.052071823, 601723.4325284081, 601709.7477495436, 601720.7999667452, 601723.8181313846, 601743.2137041684, 601772.8070068872, 601738.664968272, 601798.8840580535, 601717.9755895522, 601792.7197315551, 601748.6813459132, 601752.8316278355, 601799.7719318002, 601751.51940115, 601793.1936778408, 601789.5364587086, 601755.4904536427, 601749.846954132, 601738.8450580989, 601704.2845003798, 601804.2176733962], "8": [601786.883115641, 601799.3399307971, 601831.8752433863, 601837.8210020658, 601802.8721552627, 601781.5745002752, 601833.0892257334, 601870.4256683234, 601785.6003399253, 601823.3090164694, 601801.3462065578, 601887.2927239999, 601825.557994703, 601807.7662612582, 601802.2149363426, 601793.5220288772, 601802.824817258, 601813.1416317434, 601775.9565152578, 601846.6879765484, 601842.6289226278, 601813.4201408109, 601805.4738760096, 601837.5530928833, 601766.2705600375, 601807.4136254727, 601776.0689398944, 601797.6360032824, 601829.6876872805, 601882.4878719989, 601919.8054077293, 601829.2404633941, 601785.1480226968, 601814.7264859038, 601818.6204874888, 601831.982165995, 601798.9284047734, 601795.6565575988, 601799.2817813817, 601807.5110910713, 601821.000104645, 601821.5658963904, 601834.5828514653, 601859.6119209428, 601883.281170946, 601800.6885454867, 601794.6494077169, 601820.434276963, 601924.6978670746, 601822.0730851736]}