{"1": [1113779.9285965567, 1113779.9285965567, 1113779.9285965567, 1113779.9285965567, 1113779.9285965567, 1113779.9285965567, 1113779.9285965567, 1113779.9285965567, 1113779.9285965567, 1113779.9285965567, 1113779.9285965567, 1113779.9285965567, 1113779.9285965567, 1113779.9285965567, 1113779.9285965567, 1113779.9285965567, 1113779.9285965567, 1113779.9285965567, 1113779.9285965567, 1113779.9285965567, 1113779.9285965567, 1113779.9285965567, 1113779.9285965567, 1113779.9285965567, 1113779.9285965567, 1113779.9285965567, 1113779.9285965567, 1113779.9285965567, 1113779.9285965567, 1113779.9285965567, 1113779.9285965567, 1113779.9285965567, 1113779.9285965567, 1113779.9285965567, 1113779.9285965567, 1113779.9285965567, 1113779.9285965567, 1113779.9285965567, 1113779.9285965567, 1113779.9285965567, 1113779.9285965567, 1113779.9285965567, 1113779.9285965567, 1113779.9285965567, 1113779.9285965567, 1113779.9285965567, 1113779.9285965567, 1113779.9285965567, 1113779.9285965567, 1113779.9285965567], "2": [1106014.377940398, 1106014.8648281638, 1110307.5520124442, 1106014.6257538246, 1106014.7915062627, 1106014.739005721, 1106014.8641168647, 1106014.493490028, 1106014.5068370632, 1106014.6901062664, 1106014.582655175, 1106015.1930507773, 1106014.6120879045, 1106015.0626436179, 1110307.640385636, 1110306.776117093, 1106015.2445761766, 1110316.8052974583, 1106014.6770270604, 1106015.11365276, 1106014.972487057, 1106014.711979123, 1106015.1145958637, 1106014.7782677582, 1110304.172843099, 1106014.6861479557, 1110312.437295526, 1106014.7883693285, 1106014.612879888, 1106014.5468716344, 1110324.1747114803, 1110303.0386883821, 1110304.6507755748, 1106014.5935244616, 1110328.6078353953, 1106014.8261153058, 1106014.6895978765, 1106014.7329716098, 1110301.6787079824, 1106014.8709091276, 1110303.1880559486, 1106014.848652607, 1106014.9821323685, 1106015.015097584, 1106015.164714371, 1106014.6299962322, 1110315.714239116, 1106014.551587515, 1110321.0568960183, 1106014.9043707526], "3": [1105684.6467891305, 1105666.1977649278, 1105834.904897882, 1105680.8160192752, 1105685.7184045743, 1105668.5125427474, 1105680.7613473663, 1105677.4132403876, 1105674.9498204808, 1105694.0648684404, 1105684.407509452, 1105673.7657547076, 1105687.3087281068, 1105675.8467727657, 1105682.025730098, 1105667.7219936142, 1105665.252419504, 1105184.897497002, 1105673.7970359994, 1105679.1121538891, 1105675.4460518744, 1105675.4371866302, 1105675.9840101486, 1105658.920596095, 1105833.4224642825, 1105678.0944866992, 1105666.143444056, 1105680.3461514583, 1105680.913407821, 1105671.5191211083, 1105696.6254673526, 1105658.6486188737, 1105676.8916025385, 1105672.2499424738, 1105676.317734254, 1105696.8074405044, 1105684.6040016215, 1105683.7887816841, 1105677.7328083667, 1105676.8915768028, 1105676.6056603289, 1105674.1585290595, 1105669.8189035994, 1105678.4423215215, 1105785.194478403, 1105679.5589726788, 1105668.4368825709, 1105675.7016729687, 1105670.0790765272, 1105683.4707349958], "4": [1104978.8045898187, 1105448.258448325, 1105536.809838996, 1105003.7365856708, 1105552.9946592525, 1105017.0835256202, 1104987.7465552993, 1105527.3966035687, 1105449.053041516, 1104987.7427283938, 1105513.4964026536, 1105864.0795686657, 1105010.0807220025, 1105012.2453142107, 1104971.9449648287, 1105007.3427434543, 1104976.5927480704, 1104990.4882937046, 1105540.933632595, 1105017.114033634, 1105011.3534972328, 1104991.9545442297, 1104990.55677524, 1105511.1529646902, 1105145.7364514365, 1105495.9740553154, 1105448.037572934, 1105011.2899468131, 1105011.1053266388, 1104980.0409165157, 1105016.7686923207, 1104992.4324280587, 1105004.734096088, 1104978.1063073536, 1104974.3950627404, 1105006.6283849915, 1104938.1513391559, 1105011.6813908846, 1105009.1602568817, 1104998.1972431412, 1105003.1156089518, 1105527.0345811096, 1105018.1241949792, 1105714.254491124, 1105013.1692715709, 1105004.5357593715, 1105542.9468486675, 1105536.7358131637, 1105018.0927452433, 1105524.184389579], "5": [1105129.425359104, 1104882.9320654545, 1104554.6651681196, 1104553.4966236937, 1104897.655948651, 1105534.2233255184, 1105564.2413005074, 1104545.4470270379, 1104551.607151651, 1104551.5548310028, 1104553.4171798425, 1104550.4565083664, 1104538.9312522148, 1104918.2312864766, 1104546.9945698336, 1104952.7928578542, 1104553.3851451392, 1104553.712233032, 1105128.3612843629, 1104554.4469126894, 1104549.327589366, 1104590.0141590922, 1104794.573321826, 1104580.338024479, 1104552.0632546046, 1104552.7420800002, 1104553.6192656716, 1105578.501099447, 1105576.927946749, 1104550.62978668, 1104559.3426368472, 1104553.4517651934, 1104554.7159488718, 1105128.2791957194, 1104553.6808106583, 1104544.1211983778, 1105570.8998297781, 1105551.520200081, 1104554.7360094897, 1104539.1280128134, 1104544.2712850512, 1104562.0135833141, 1104554.2125184177, 1105579.1767580428, 1104552.4223412964, 1104547.4940018675, 1104580.0228766138, 1104560.622430535, 1104665.5307487396, 1104555.254390594], "6": [1104565.0273550865, 1104588.0587096233, 1104587.9483464349, 1104593.8178971368, 1104674.3269925595, 1104583.8302209526, 1104553.2546528599, 1104586.8384515343, 1104587.9027892419, 1104605.5810923304, 1104611.1758184866, 1104578.7017359328, 1104627.4971121596, 1104585.295049227, 1104625.9415121402, 1104575.7816263477, 1104571.1581132188, 1104569.913877913, 1104594.5290170873, 1105578.0302572888, 1104606.6396290327, 1104593.5096534237, 1104599.8268067627, 1104589.993359394, 1104603.3922254026, 1104616.83707928, 1104592.6482244488, 1104557.7184636502, 1104582.3053418463, 1104601.8304107375, 1104591.8233617118, 1104587.7861179884, 1104602.454756399, 1104584.2658467542, 1104598.3567412642, 1104608.9037052116, 1104647.7291928455, 1104591.778824696, 1104579.4753340716, 1104582.2496284808, 1104667.7094730365, 1104927.7277981502, 1104602.707372134, 1104600.460253242, 1104584.0902165414, 1104579.7143076835, 1104668.9093511712, 1104597.0375982737, 1104595.3751740989, 1104599.521714384], "7": [1104636.2642227928, 1104651.959462392, 1104663.2075089966, 1104625.2843170944, 1104667.387389149, 1104641.1488028115, 1104673.5222488185, 1104651.1922489398, 1104659.2988771969, 1104631.3544080611, 1104629.546430823, 1104630.0649962975, 1104664.5510658924, 1104641.0976598815, 1104668.6089343198, 1104639.4704370415, 1104661.6150116702, 1104614.3559183031, 1104703.9116836404, 1104690.168467992, 1104603.119408398, 1104651.6471446846, 1104661.3904372586, 1104666.6486311893, 1104641.946653403, 1104643.87324381, 1104637.0676014384, 1104621.703490729, 1104661.541380028, 1104634.7858018223, 1104669.644413159, 1104631.5527896166, 1104634.809131302, 1104654.6871919157, 1104673.2001064494, 1104551.0125177999, 1104671.0127261, 1104658.3225535972, 1104680.6711865475, 1104621.635017735, 1104649.9821352183, 1104679.1601249753, 1104622.1751494925, 1104631.2016157743, 1104649.9900079833, 1104658.7795194346, 1104662.955874537, 1104662.356567485, 1104646.6711500592, 1104646.0296198113], "8": [1104755.7263873073, 1104737.0998902416, 1104690.2558970724, 1104732.3712738007, 1104710.9751505004, 1104648.558436565, 1104679.540190677, 1104643.6335062569, 1104663.5691698776, 1104713.0657393076, 1104686.299029057, 1104727.5204241334, 1104740.2724254946, 1104726.5736309225, 1104712.9592456506, 1104732.6106883744, 1104691.5134546722, 1104704.6630115933, 1104712.344608983, 1104721.4847962984, 1104759.385956476, 1104704.5614745426, 1104721.2120065398, 1104746.4482171808, 1104714.453687144, 1104706.0978318758, 1104700.5014290854, 1104734.9112889417, 1104705.1333375413, 1104697.2019024827, 1104726.4859383341, 1104721.2051822068, 1104740.2043509665, 1104712.698049968, 1104723.454871729, 1104707.9129846678, 1104720.404994709, 1104670.1731706592, 1104720.5965858903, 1104658.6476235394, 1104655.8138847135, 1104733.3003930605, 1104718.6870647916, 1104722.867087931, 1104709.2100614985, 1104697.0510149389, 1104716.2749735075, 1104722.4685324784, 1104715.1597452965, 1104730.1745480963]}