{"1": [604887.1451785613, 604887.1451785613, 604887.1451785613, 604887.1451785613, 604887.1451785613, 604887.1451785613, 604887.1451785613, 604887.1451785613, 604887.1451785613, 604887.1451785613, 604887.1451785613, 604887.1451785613, 604887.1451785613, 604887.1451785613, 604887.1451785613, 604887.1451785613, 604887.1451785613, 604887.1451785613, 604887.1451785613, 604887.1451785613, 604887.1451785613, 604887.1451785613, 604887.1451785613, 604887.1451785613, 604887.1451785613, 604887.1451785613, 604887.1451785613, 604887.1451785613, 604887.1451785613, 604887.1451785613, 604887.1451785613, 604887.1451785613, 604887.1451785613, 604887.1451785613, 604887.1451785613, 604887.1451785613, 604887.1451785613, 604887.1451785613, 604887.1451785613, 604887.1451785613, 604887.1451785613, 604887.1451785613, 604887.1451785613, 604887.1451785613, 604887.1451785613, 604887.1451785613, 604887.1451785613, 604887.1451785613, 604887.1451785613, 604887.1451785613], "2": [601116.1309209663, 601116.111504475, 601116.0863719607, 601116.1247814139, 601116.1739738837, 601115.8792902344, 601116.0064854355, 601115.9095452549, 601116.2663557256, 601115.9852444591, 601115.7898939351, 601116.2497958046, 601115.9839718211, 601116.1751132956, 601116.0114253388, 601115.9299081665, 601116.2317388813, 601116.1940268072, 601115.8093183711, 601115.877577281, 601115.8127622548, 601116.1419140536, 601115.9247436341, 601115.8761836201, 601116.1802162441, 601116.0480775118, 601116.112698967, 601115.9356629421, 601116.0407268932, 601115.8025562777, 601115.8882962015, 601116.2115529039, 601115.9189414601, 601116.1736994077, 601115.9381696437, 601115.9511254047, 601115.9976039743, 601116.0523941129, 601115.8997684037, 601116.0171815909, 601116.0282865053, 601116.0016938173, 601115.8405726178, 601115.7945359078, 601115.7991391444, 601115.7649235202, 601115.9720411865, 601115.9890287315, 601116.2492214856, 601115.822011483], "3": [601020.4368843846, 599968.8723781636, 599970.7088479041, 599969.52896272, 599969.1298471498, 599969.7125463849, 599968.5753016716, 599968.9761426479, 599969.4325845941, 599969.3695068356, 599969.30617815, 599976.7351087556, 599968.8432765055, 599969.4217578187, 599969.0779803938, 599968.8010912747, 599969.9249352955, 599969.9073928846, 599969.3112724406, 601013.3083540668, 599969.518121815, 599968.838989278, 599969.3523712573, 599976.4296566771, 599969.4491001901, 599970.5664001273, 599970.2449406377, 599969.0232167188, 599969.0004473651, 599969.4472392251, 599969.3976690202, 599969.8566589155, 601001.5535997071, 599968.8215660482, 599975.5273897743, 599969.9669878504, 599972.922446106, 599969.2813510115, 599969.0715814925, 599969.2872033187, 599968.8699465095, 599969.4630834083, 599969.3112724406, 599969.1291737995, 599969.3417797607, 599968.8576456702, 599969.8532281345, 599968.8379879675, 599968.2449290422, 599968.9273432523], "4": [599860.2167623672, 599861.3086850657, 599857.4544490746, 599856.5721992488, 599860.6975517445, 599859.4962976066, 599013.7203203255, 599861.7979168019, 599859.3020922488, 599860.0768305736, 599860.1346863832, 599859.5665604436, 599672.6220013238, 599860.4184559896, 599858.7230437517, 599867.0603596536, 599855.248552549, 599859.9959062978, 599857.7080617516, 599859.1144891725, 599859.9639491875, 599867.9879323916, 599746.3249034496, 599857.3012621575, 599859.7455289521, 599859.4057771718, 599748.9533516935, 599858.1558310433, 599858.7258583514, 599859.2804347246, 599858.8644890281, 599866.1195938704, 599858.8329236333, 599859.6874618924, 599859.0960727142, 599856.3217393379, 599889.9415355211, 599858.6288136375, 599858.8322736715, 599858.9106371665, 599858.792375498, 599858.5245023953, 599858.4280880956, 599860.0076275368, 599745.6474818498, 599880.3323474909, 599860.8802983814, 599859.8813684812, 599864.5575893325, 599859.5868594467], "5": [598800.3972771725, 598799.8655421528, 598800.5644702849, 598800.6081121751, 598899.080421674, 598863.5838610441, 598800.9794871158, 598800.3170043881, 598800.4768856347, 598798.9273735035, 598800.3534944095, 598800.4513084051, 598799.3742411145, 598800.781442126, 598800.5310194454, 598800.8682273201, 598800.7761217369, 598814.6614032484, 598903.3397524118, 598898.9856652243, 598800.5128311937, 598800.7303480653, 598800.896245887, 598907.4962346917, 598800.4973324469, 598800.351414765, 599842.8648793667, 598979.5032636644, 598800.8529619029, 598800.9557158658, 599331.5590175511, 598800.076181184, 598800.9291980504, 599745.5072393692, 598900.0289516951, 598800.7045063706, 599645.7065374108, 598861.5244500366, 598800.8574799529, 598800.6467903584, 598842.3153845147, 598799.7988502982, 598800.7913362572, 598801.0241061333, 598800.4565614277, 599330.5947873096, 598863.8323896158, 598800.6370434434, 598844.658821313, 598862.0469413862], "6": [598806.2378623881, 598700.9756159645, 598691.7102695255, 598694.6258406079, 598839.6015323623, 598828.02830048, 598843.756443139, 598810.4630470946, 598848.3595631704, 598840.0813450683, 598821.7363897017, 598697.9921293351, 598848.3234267886, 598684.0039346896, 598731.6094712361, 598808.493442121, 598697.1078722742, 598707.7450254699, 598720.1140151599, 598848.9013667087, 598746.6734736729, 598683.4829419734, 598706.4667549294, 598835.8670670731, 598843.6333266195, 598808.5281559356, 598893.6718763366, 598802.7883826164, 598895.2255167357, 598866.9320999813, 598849.5699713775, 598694.5292863866, 598837.3744673827, 598710.532439587, 598744.1846548101, 598690.5181541508, 598714.3381461396, 598700.1346641615, 598806.697932682, 598837.9235489434, 598692.5005799269, 598851.6112440171, 598848.1149597326, 598846.5835917293, 598763.7137293223, 598846.5694926948, 598706.7671814756, 598834.5253496771, 598702.8660398868, 598892.0806107115], "7": [598755.9641083877, 598818.1216235261, 598754.2366808301, 598787.7454763876, 598855.3395227507, 598749.1016887254, 598750.5973557202, 598759.4564029141, 598798.7447662859, 598772.8954595121, 598760.2988526339, 598759.0444983349, 598806.2134527832, 598750.71487212, 598761.790160838, 598743.6252367987, 598731.467377664, 598795.2144790605, 598771.5041941961, 598795.9012407414, 598760.2003297904, 598773.0773006842, 598744.172235711, 598758.2520042275, 598750.2230373974, 598742.0395246075, 598749.2656652813, 598854.3644331064, 598759.5213327117, 598757.2664779691, 598737.4575424115, 598904.8812306948, 598776.6682176464, 598760.1689349164, 598768.9062018247, 598773.98662977, 598761.0308620674, 598793.8453644434, 598890.2252565302, 598924.8783706354, 598765.8513377857, 598760.3066070842, 598812.1964513274, 598874.9454378955, 598931.4909381501, 598923.1682676431, 598743.9817011431, 598787.9885016455, 598821.6144656817, 598814.2879957507], "8": [598850.7567533753, 598818.4867841763, 598820.6824912797, 598819.495925811, 598816.1438430102, 598848.5519217902, 598829.8480345363, 598817.6969081773, 598819.5574202765, 598801.9173870509, 598831.1019954039, 598815.9295790776, 598805.3234831073, 598831.9348722526, 598957.9330896286, 598815.1076734513, 598844.6712621975, 598811.6930149242, 598830.7996581154, 598841.1380449648, 598820.9612983768, 598824.3585364907, 598817.722039865, 598864.7624687264, 599004.5053241269, 598824.4732834562, 598827.369020709, 598826.1052808311, 598829.4576041728, 598831.9374819706, 598830.470314895, 598838.5323236538, 598841.4820622595, 598843.8589507168, 598831.7190741908, 598830.7467338499, 598824.4676192349, 598834.0584296301, 598846.8867602318, 598807.6126494305, 598837.3439798423, 598847.8117644048, 598878.482140205, 598837.5864708114, 598806.3508636471, 598834.6690088473, 598831.1025958832, 598868.6412582553, 598854.0766220631, 598823.5057769164]}