{"1": [177235.6133735533, 177235.6133735533, 177235.6133735533, 177235.6133735533, 177235.6133735533, 177235.6133735533, 177235.6133735533, 177235.6133735533, 177235.6133735533, 177235.6133735533, 177235.6133735533, 177235.6133735533, 177235.6133735533, 177235.6133735533, 177235.6133735533, 177235.6133735533, 177235.6133735533, 177235.6133735533, 177235.6133735533, 177235.6133735533, 177235.6133735533, 177235.6133735533, 177235.6133735533, 177235.6133735533, 177235.6133735533, 177235.6133735533, 177235.6133735533, 177235.6133735533, 177235.6133735533, 177235.6133735533, 177235.6133735533, 177235.6133735533, 177235.6133735533, 177235.6133735533, 177235.6133735533, 177235.6133735533, 177235.6133735533, 177235.6133735533, 177235.6133735533, 177235.6133735533, 177235.6133735533, 177235.6133735533, 177235.6133735533, 177235.6133735533, 177235.6133735533, 177235.6133735533, 177235.6133735533, 177235.6133735533, 177235.6133735533, 177235.6133735533], "2": [177216.6954728564, 177216.6786809004, 177216.68589280042, 177216.67693130503, 177216.62707699128, 177216.80575091133, 177216.6920461694, 177216.51405056304, 177216.6256852733, 177216.5402825071, 177217.07406133207, 177216.62707699128, 177216.69977641804, 177216.62103766823, 177216.59336494672, 177216.81282544628, 177217.6191527339, 177217.3241424244, 177216.66840820116, 177216.33227873303, 177216.62707699128, 177216.6817493808, 177216.6407669326, 177216.75528167674, 177216.9756075089, 177217.0088451488, 177217.01809213727, 177216.6330993932, 177216.63683706956, 177216.78982744686, 177216.6812010611, 177216.87040416137, 177217.108122519, 177217.50299613035, 177209.0839035675, 177216.506816951, 177216.7064796567, 177216.49056607595, 177216.6407669326, 177215.98818047118, 177216.60624873746, 177216.4792601102, 177216.63478279553, 177216.7728652809, 177216.79333352673, 177216.7963522315, 177216.68946098333, 177216.54020067884, 177216.44631444945, 177216.5480020494], "3": [177279.3225739686, 177276.83066173366, 177258.95559096275, 177279.07902314703, 177260.9329490538, 177278.51712228582, 177262.57598862294, 177277.37925611445, 177279.17212060041, 177257.68338981792, 177260.47040687202, 177263.43236286295, 177278.8350768275, 177260.35191977533, 177261.02598010635, 177279.00320389002, 177278.98623756607, 177278.1742852165, 177279.0606051821, 177261.7309846004, 177259.2812123304, 177278.7473150715, 177278.93412876799, 177256.30114660363, 177260.08560985755, 177278.15562676513, 177271.97183891173, 177279.13937289096, 177261.69049592482, 177261.7001742196, 177259.1116005868, 177262.3687747064, 177277.6431338779, 177277.62734707186, 177261.67090129034, 177258.8595259477, 177259.2794032099, 177259.17134263075, 177278.93751238246, 177275.0438569849, 177260.04117228757, 177258.18672070358, 177277.07608720247, 177261.48994829177, 177258.9508362836, 177258.9153356857, 177276.31706762235, 177278.44285584043, 177259.53302556326, 177278.67026239607], "4": [177328.69707548662, 177319.95563251778, 177325.20182074027, 177328.1830670999, 177312.13580691323, 177341.94485291757, 177305.5343900397, 177310.6239446633, 177312.38903211232, 177301.63141857667, 177315.55824121454, 177314.93125551482, 177317.33972646215, 177325.67463279687, 177313.07396388482, 177303.1051083888, 177329.97482166, 177302.28169515886, 177318.62071202366, 177325.8018834136, 177319.72719934708, 177326.91140758753, 177334.02009470388, 177325.20366371653, 177322.696284694, 177312.35639295954, 177303.82824416514, 177322.82998327023, 177324.27995665636, 177303.73476470407, 177314.75114881064, 177313.95027706723, 177314.1084983357, 177328.88365845737, 177302.20040449596, 177303.70850351252, 177308.33512498208, 177336.52186353478, 177316.2013050106, 177322.09281559035, 177312.68924411575, 177327.0105079717, 177315.04410925848, 177313.75894641687, 177313.43936952326, 177306.98365591906, 177328.4973446968, 177312.1885299471, 177311.62136159235, 177305.80328246325], "5": [177368.63013117173, 177372.54720855987, 177361.12463877152, 177386.2096719627, 177381.20138797403, 177395.92462242936, 177377.9903289434, 177364.66762091193, 177371.02080656102, 177393.89226746617, 177360.28431971642, 177364.11379160554, 177370.71283734046, 177363.0809048396, 177386.151677763, 177379.67513193729, 177383.22381794505, 177354.0786634286, 177377.89989181072, 177374.03988166162, 177360.31695799853, 177380.57601117188, 177366.2324944851, 177383.24585306714, 177370.31038461407, 177374.89826856673, 177390.88842307532, 177377.18221546608, 177375.73367475925, 177356.26218997067, 177357.11323969913, 177379.43258551735, 177368.77688986086, 177369.5821605245, 177374.73897241408, 177371.81895802848, 177370.45379169844, 177378.1048015629, 177370.8519602462, 177367.873228692, 177364.20115677765, 177391.21861918288, 177380.73749937228, 177372.47193284347, 177384.58388915783, 177375.83635285828, 177369.22154066197, 177351.5243631793, 177375.79191662045, 177381.66443119853], "6": [177418.2656115314, 177426.78037104965, 177421.02573279417, 177439.01401414358, 177423.87188044048, 177424.893661564, 177439.82117405217, 177434.74719246494, 177425.9861662489, 177424.84080573832, 177434.44083419448, 177449.30950498002, 177450.945080741, 177432.24592556185, 177450.97902210685, 177441.9450979285, 177432.47647840914, 177455.23480613684, 177446.90913598484, 177436.47980183671, 177437.93982627444, 177423.30861869754, 177446.19747565096, 177437.7354641861, 177432.48977391442, 177439.31539092696, 177440.2267178568, 177431.759720521, 177414.33506791593, 177432.18646623517, 177429.89650367096, 177426.7676330301, 177416.36406103396, 177438.09704489243, 177431.01817601494, 177417.9716054837, 177433.9028333588, 177436.28085992913, 177445.59455303315, 177451.3416153145, 177436.40945967694, 177430.8632709066, 177454.66615873345, 177438.8380960715, 177426.506757397, 177439.108456631, 177448.5532092967, 177441.36653763254, 177421.97073800265, 177445.37763333402], "7": [177490.70240371613, 177487.7847979306, 177496.64418878013, 177484.76727464763, 177499.165922567, 177506.5226745998, 177499.69662919975, 177520.3471043449, 177506.1678331192, 177485.35321390003, 177524.20535855048, 177485.2653935602, 177511.58833383472, 177501.1144207296, 177481.22010445214, 177498.30733880235, 177511.30888090495, 177506.9103801046, 177512.32573023895, 177505.9242132016, 177485.6429244375, 177502.23332419404, 177486.71638914777, 177497.38615796072, 177518.77285726348, 177495.35853230927, 177505.65761516572, 177494.82678801878, 177512.40375801502, 177502.12082913148, 177507.37659972848, 177493.82821416945, 177496.3668490502, 177494.23136682043, 177505.63463128795, 177494.5662699108, 177520.18024655318, 177498.85999911168, 177469.48773558493, 177513.2221334398, 177508.80074028354, 177516.44727079434, 177485.83662119036, 177501.03571234373, 177505.98031037985, 177490.16430512685, 177496.43947861422, 177502.5223788958, 177509.8203527389, 177528.10825836865], "8": [177571.26372040086, 177578.07868633952, 177551.4466719318, 177579.14080576706, 177565.7864831493, 177574.12939143443, 177557.76061910862, 177550.68639978053, 177576.23507198002, 177571.19621945985, 177579.92316612657, 177559.20640015596, 177540.99264010318, 177557.0654291594, 177579.10360485697, 177559.22893297076, 177528.62432840615, 177552.34248108667, 177555.6665780816, 177560.29471060316, 177582.84492428298, 177572.98918418426, 177578.29891358342, 177564.68803680342, 177586.5170230436, 177572.96803765112, 177569.7967495328, 177552.25953270408, 177577.31131682402, 177564.74446913743, 177572.8842944652, 177580.98515423626, 177566.8744358512, 177579.48116651503, 177571.6561325688, 177573.43486582764, 177582.52813668636, 177559.3922333963, 177579.74625547547, 177563.34315597478, 177555.87472969215, 177585.90416392777, 177564.74780071506, 177572.86822008278, 177579.44357539987, 177553.76437593647, 177565.0921932018, 177573.65777285155, 177550.93981714218, 177585.6914891718]}