{"1": [45740.035038308924, 45740.035038308924, 45740.035038308924, 45740.035038308924, 45740.035038308924, 45740.035038308924, 45740.035038308924, 45740.035038308924, 45740.035038308924, 45740.035038308924, 45740.035038308924, 45740.035038308924, 45740.035038308924, 45740.035038308924, 45740.035038308924, 45740.035038308924, 45740.035038308924, 45740.035038308924, 45740.035038308924, 45740.035038308924, 45740.035038308924, 45740.035038308924, 45740.035038308924, 45740.035038308924, 45740.035038308924, 45740.035038308924, 45740.035038308924, 45740.035038308924, 45740.035038308924, 45740.035038308924, 45740.035038308924, 45740.035038308924, 45740.035038308924, 45740.035038308924, 45740.035038308924, 45740.035038308924, 45740.035038308924, 45740.035038308924, 45740.035038308924, 45740.035038308924, 45740.035038308924, 45740.035038308924, 45740.035038308924, 45740.035038308924, 45740.035038308924, 45740.035038308924, 45740.035038308924, 45740.035038308924, 45740.035038308924, 45740.035038308924], "2": [45789.85109819682, 45790.17333535506, 45790.57386733236, 45790.0063120894, 45790.779710839306, 45789.63157502478, 45790.051257722174, 45789.90163752598, 45789.93224056784, 45789.89246583032, 45789.9743180654, 45790.03966767598, 45790.23258099645, 45789.91113953282, 45790.03966767598, 45789.971672624415, 45789.922147481804, 45789.93224056784, 45789.897105640695, 45789.88489627503, 45790.242971883636, 45790.40211870096, 45785.19667263806, 45790.06420873869, 45789.88489627503, 45789.920756927015, 45789.920756927015, 45789.96737717387, 45789.916540210914, 45789.916540210914, 45789.96737717387, 45789.74638574333, 45790.23258099645, 45790.0063120894, 45790.29558748351, 45789.71357941471, 45789.916540210914, 45790.17333535506, 45790.0063120894, 45789.8131360066, 45789.913624131026, 45789.713455545134, 45790.16686878383, 45789.787676694745, 45789.85109819682, 45789.96737717387, 45789.65893105136, 45789.81952491862, 45790.1636896217, 45790.40479947028], "3": [45826.39007089687, 45827.66285609815, 45827.94105261907, 45826.20152620963, 45826.3958819986, 45826.477397562296, 45827.84158835292, 45826.50887767615, 45827.78196982274, 45826.331109232386, 45826.66254172205, 45826.63221090769, 45826.20638066451, 45826.551362054306, 45826.56680292396, 45826.69730712295, 45826.49823374504, 45827.879448961845, 45826.10153726077, 45826.82970325713, 45826.494491446145, 45826.70075409392, 45826.48558274818, 45833.996129437735, 45827.9485790186, 45826.17115831352, 45826.626640390125, 45826.36716770881, 45826.287145636794, 45827.93772270256, 45827.84954792065, 45826.11325367469, 45827.0742345118, 45826.61986655739, 45827.15221607514, 45826.556722661626, 45826.68551557146, 45826.50455340644, 45826.52421912318, 45826.28539075307, 45833.707738883444, 45826.4747125961, 45827.512128775146, 45826.67252738111, 45826.601128493014, 45827.01540632036, 45827.50782711989, 45827.8767069553, 45827.02126457197, 45826.570564604175], "4": [45892.61462136389, 45884.05363052063, 45875.77330142249, 45885.24282584158, 45884.68726125244, 45884.05026466532, 45885.042023895665, 45882.657728011414, 45884.91982857105, 45883.80492919803, 45891.26754465286, 45884.50712768043, 45883.80713083462, 45885.781557528135, 45885.133968191345, 45883.108316468024, 45886.5592856506, 45885.04115492504, 45875.9413240814, 45875.83122323918, 45888.4952187419, 45888.19131385729, 45884.96572889105, 45884.544155011165, 45885.09334417052, 45887.133535703855, 45876.026300365374, 45889.151057819654, 45885.04314544097, 45886.520711720026, 45885.44931277203, 45875.6968875009, 45894.574363392734, 45883.79228263693, 45884.81465742746, 45875.70438282906, 45885.14869189861, 45891.99787577229, 45884.85138406052, 45884.08777007313, 45885.05356271036, 45885.02126915992, 45882.976665707385, 45890.80085980913, 45885.106835091254, 45890.78580789739, 45885.124833587295, 45883.62948803622, 45884.69724219433, 45893.601510287015], "5": [45932.20408346237, 45933.51789269904, 45940.48613734788, 45932.85716234054, 45951.20720731723, 45948.54364885814, 45950.01869419201, 45933.648059335275, 45944.73806086026, 45944.37604746375, 45943.787978089495, 45950.74340038932, 45942.92442662188, 45946.86062754018, 45944.3452205779, 45950.687278787234, 45949.4194723158, 45945.384984967655, 45943.86719935878, 45935.13702621575, 45945.425227119784, 45932.95886610407, 45944.89529100499, 45943.652122651954, 45937.17893325403, 45933.147519382816, 45943.485713550974, 45943.6785559038, 45943.69499457857, 45953.265391407615, 45947.851538835406, 45946.349660207066, 45944.17156203373, 45934.23227886005, 45949.700028316656, 45946.90270079879, 45947.940952032164, 45948.48537865088, 45944.193278480285, 45943.38037739538, 45931.491925027665, 45944.74039267515, 45944.155588876005, 45944.95848221099, 45946.31019346769, 45956.5534370201, 45945.65667428919, 45931.920542423635, 45931.68084420327, 45933.95647168156], "6": [46011.4983092745, 46007.0424691544, 46012.86330631953, 46003.84045770486, 45999.96497511354, 46005.17633363965, 46012.334292287414, 45995.945868513234, 45990.555802222545, 46008.12687948255, 46004.80742162533, 46012.52192172301, 45994.97709761206, 46003.43058700819, 45998.918980707014, 46007.66241770159, 46003.84297841252, 45997.80364894989, 46012.30373762366, 45996.57786232917, 46006.01886200026, 45988.77084276, 46006.167664098415, 46002.95768552705, 45998.17227851786, 46005.22428224654, 45990.835220006506, 46005.585936074116, 46007.605373032144, 46000.42557805842, 45992.85355664998, 46009.09294387783, 46008.180542710135, 46007.67261970294, 46020.08228286257, 45998.483216229186, 46009.05273000817, 46019.65758281651, 46007.22426783066, 46006.14689634155, 46008.12718043939, 46009.111634855275, 46003.32787824442, 46007.74459688932, 46003.044567328485, 46006.34564785874, 46007.29958143403, 45989.46772005268, 46018.53513240059, 45995.848125479766], "7": [46056.799582666565, 46071.42503179766, 46072.48369756643, 46056.34084284722, 46071.45291106314, 46071.50165731801, 46057.177558768344, 46065.56609875424, 46073.62303871789, 46049.37429445821, 46061.71410207307, 46056.037985966184, 46060.19330871386, 46070.622552487104, 46071.37560778655, 46056.96725171863, 46043.40849686189, 46056.716633612865, 46070.26816690136, 46073.80425379025, 46045.573894878005, 46043.740023805796, 46063.44635692231, 46057.05666329941, 46069.876066949146, 46041.18866992085, 46062.83610178278, 46068.11238249659, 46037.15244438817, 46066.66902491995, 46058.71516025032, 46075.39446004172, 46056.62330470864, 46056.71922542617, 46041.6465578473, 46075.69409731892, 46073.39162216617, 46056.22043885063, 46075.193065538704, 46054.206319460915, 46073.191712771666, 46068.839281216584, 46072.051509559125, 46057.34660682876, 46076.2136116743, 46063.51231632255, 46075.797477117136, 46043.961780076264, 46056.08447158296, 46062.091319254854], "8": [46095.55739807156, 46100.92285596121, 46112.65218032647, 46117.92367331815, 46116.88054969741, 46100.70229358821, 46099.30635993343, 46093.41186170776, 46104.168610924506, 46123.889326330864, 46101.06679498328, 46128.55434348447, 46119.80591843667, 46115.80777594623, 46106.01133090047, 46101.880949043014, 46101.72021567842, 46123.22645277297, 46104.501854850416, 46105.99686330271, 46103.81678726154, 46090.00912921078, 46095.17793667749, 46101.87921888151, 46113.02254943986, 46123.117923474, 46123.585766103366, 46111.194826898645, 46138.71297125882, 46114.04469810071, 46094.75887255088, 46110.455769382665, 46127.739088059476, 46111.27585814163, 46136.49343213274, 46124.40985887793, 46091.07985251394, 46116.903954109934, 46123.60605126116, 46105.66207761235, 46104.22830586342, 46098.168485729526, 46099.4585722164, 46098.123869318646, 46122.886555777215, 46119.18062064107, 46115.127874259895, 46088.21968668346, 46123.42887385499, 46121.578719268655]}