{"1": [442732.13983754604, 442732.13983754604, 442732.13983754604, 442732.13983754604, 442732.13983754604, 442732.13983754604, 442732.13983754604, 442732.13983754604, 442732.13983754604, 442732.13983754604, 442732.13983754604, 442732.13983754604, 442732.13983754604, 442732.13983754604, 442732.13983754604, 442732.13983754604, 442732.13983754604, 442732.13983754604, 442732.13983754604, 442732.13983754604, 442732.13983754604, 442732.13983754604, 442732.13983754604, 442732.13983754604, 442732.13983754604, 442732.13983754604, 442732.13983754604, 442732.13983754604, 442732.13983754604, 442732.13983754604, 442732.13983754604, 442732.13983754604, 442732.13983754604, 442732.13983754604, 442732.13983754604, 442732.13983754604, 442732.13983754604, 442732.13983754604, 442732.13983754604, 442732.13983754604, 442732.13983754604, 442732.13983754604, 442732.13983754604, 442732.13983754604, 442732.13983754604, 442732.13983754604, 442732.13983754604, 442732.13983754604, 442732.13983754604, 442732.13983754604], "2": [442388.7590866159, 442570.29367631883, 442573.08724320104, 442388.53619211784, 442571.9861855659, 442569.47444621776, 442571.04303669295, 442387.7845678107, 442572.9864216502, 442571.6556408949, 442570.29367631883, 442570.15275312436, 442572.1549471818, 442566.31443152827, 442388.49733908667, 442572.38588098926, 442572.4510058467, 442570.24663833703, 442564.51831830415, 442569.07805148803, 442564.879607945, 442570.05330770114, 442570.7950959789, 442567.9413244315, 442569.7476281021, 442571.68733330857, 442572.52122001286, 442567.8248320931, 442569.28726350167, 442569.5475511079, 442570.3797914977, 442567.93071934115, 442571.77504287224, 442572.41485110816, 442387.33529064537, 442570.29367631883, 442572.947235208, 442569.8219624721, 442572.7256085862, 442388.17558078596, 442570.3089705582, 442568.09541286086, 442388.5966388654, 442572.4038325016, 442572.5459315346, 442571.58925818594, 442388.608470459, 442573.1446618331, 442570.93819895474, 442572.46173656883], "3": [442253.6947888946, 442254.44156845525, 442247.65205605986, 442147.0962039378, 442208.12005183566, 442256.9096839203, 442254.3756038951, 442252.17396628635, 442206.2940314448, 442278.0474047232, 442260.9116804703, 442254.8477756169, 442113.6807263664, 442253.4787912498, 442140.2062545685, 442265.1901590171, 442253.46260556654, 442258.2586582871, 442138.81903623295, 442260.29247593146, 442250.8569353764, 442257.8635726946, 442114.59064604214, 442251.67177764757, 442121.44933804503, 442144.8869405221, 442129.5408857581, 442262.9179216288, 442251.6831879206, 442256.4428273512, 442146.92133731244, 442260.60733273975, 442264.8348052481, 442145.44934406964, 442250.96731511323, 442111.79455701157, 442139.1219134009, 442146.07021397795, 442146.3950976229, 442273.7248310674, 442145.6940731787, 442257.02422956843, 442252.63462444145, 442203.1501548593, 442146.20852479455, 442259.4108799501, 442112.8481381636, 442144.9135615238, 442140.73494074435, 442147.1810299308], "4": [441888.0185255535, 441945.7769043307, 441932.97275978985, 441889.81778130494, 442084.60201184393, 441895.3285993218, 441887.8997362143, 441935.23193750955, 441984.79099129146, 441889.15339256375, 442031.5395961081, 442033.367950999, 442326.9269381613, 442039.38584465295, 442028.5271271202, 441888.99990377197, 441890.6837745347, 441898.36357880774, 442029.0176907755, 442035.30528173136, 441892.60661945044, 442024.82013572386, 441895.1593175397, 441888.4648438007, 442019.2385301749, 441942.17246584524, 442031.69445166184, 441887.48451166804, 441892.8055632498, 442022.8929693209, 442020.799566183, 441891.400612346, 441894.7149663853, 442096.9704206247, 441888.243742282, 441889.5414649061, 441889.1346014316, 441896.4427697474, 441943.1266265866, 442040.5958433509, 442032.75863129017, 442024.2130603217, 441888.53786141623, 442060.86271266796, 441897.88138412836, 441891.558713785, 442039.92545995157, 441993.0880699648, 442120.5423799695, 442028.1834964368], "5": [441944.4329006734, 441930.84413211053, 441965.59307038225, 441939.62779931264, 441930.76508082316, 441924.4055311771, 441933.2605712739, 441922.52089947683, 441913.766457836, 441985.1874283242, 441935.43646487646, 441932.3533248965, 441914.2256236249, 441934.8823365077, 441950.59159264, 441916.71350581344, 441931.806597728, 441942.52718230075, 441934.19367954426, 441932.58190120285, 441926.2587934632, 441956.61818079866, 441932.2909491581, 441943.4705110316, 441934.92827967036, 441924.77083098894, 441937.4853707761, 441927.52190511354, 441932.0087662624, 441909.84001607395, 442057.9859972522, 441930.536347108, 441958.9021142468, 441915.9160333205, 441925.9658606146, 441930.88670649927, 441928.6553063845, 441934.11868613336, 442028.13414817647, 442004.4241878317, 441927.5785860649, 441918.91654263245, 441909.50974392093, 441939.591069922, 441945.0109619593, 441938.7910185173, 441918.77666342456, 441928.2525865993, 441895.14902807627, 441924.7494958593], "6": [442004.6522297212, 441996.8411243046, 442042.6256468513, 442028.4201204741, 441959.1712519997, 441990.8447729575, 441970.28874734754, 441999.73361419095, 442009.9121289751, 441954.117965385, 441968.97499403753, 441984.9851530699, 441996.170368774, 442000.09774694627, 441998.6836949, 441982.0111000711, 441960.35881423776, 442020.4817158277, 441980.50391215726, 442003.1908546813, 441964.4566518064, 442004.86045802536, 441949.653757845, 441962.391739657, 441990.35027629626, 442041.2538682957, 441980.28470899817, 442035.5113044083, 441985.41599522537, 441977.6696550632, 441980.7746365158, 442009.0367559981, 442001.5636852732, 442011.8057853688, 441962.8075025324, 441962.4955552697, 442014.97162302595, 441989.0161649326, 441966.8790973346, 442001.59739479906, 442009.1346808825, 441984.67944687983, 442002.33232174796, 441980.169176997, 441995.13846051105, 442007.02613369195, 441992.49886299844, 441959.73260757956, 442001.94049555925, 441993.723544684], "7": [442069.4209464116, 442039.8915985845, 442059.8718415959, 442035.7996185434, 442025.1106702262, 442077.7759594211, 442029.3623899084, 442034.2417170387, 442047.47220212634, 442039.6722238469, 442055.9179614351, 442011.10905366944, 442057.44251592306, 442049.6222707668, 442052.53726096376, 442034.22154774686, 442013.35077513097, 442032.44336369244, 442019.4761536369, 442033.8403561116, 442034.4025845707, 442023.7618041409, 442048.3991654802, 442054.6484107676, 442081.1035029728, 442019.0264995618, 442059.07882825844, 442033.30087907315, 442023.1229558738, 442073.104969796, 442047.49162101874, 442056.2945259087, 442039.76717697206, 442019.8667218701, 442014.75241249194, 442040.65759739216, 442031.90089264634, 442038.8095592551, 442073.8612284262, 442041.800086455, 442019.9741899073, 442043.57105846656, 442036.52343428024, 442055.63671111874, 442012.8356780186, 442103.45839386765, 442058.5350258792, 442031.1939527102, 442051.457427747, 442017.1230266302], "8": [442065.0437221268, 442109.4091388147, 442105.86994902155, 442104.7576182077, 442106.44513624016, 442100.12280391564, 442115.3220616513, 442087.09003088536, 442123.98006754153, 442101.86841787095, 442109.2031541154, 442084.37888928305, 442143.34766988765, 442077.95778055367, 442098.6297268225, 442143.1911117447, 442120.47140230803, 442116.6310410368, 442081.8473461158, 442102.0183093658, 442094.1118264886, 442051.2622282452, 442107.03078937577, 442141.49236167705, 442062.3874006388, 442134.62567157607, 442083.9951247235, 442081.53335600486, 442077.79902109277, 442102.0181726764, 442100.7599648207, 442128.23813265027, 442112.375144891, 442119.7831395262, 442100.8940070827, 442090.12766291486, 442121.6122167027, 442109.5197482592, 442119.50738523883, 442102.8908887807, 442120.03244431183, 442091.08062855736, 442098.55940605904, 442163.8881853443, 442091.6063547013, 442083.67802117177, 442094.8338173369, 442115.98168929986, 442112.38835162413, 442103.6417021253]}