{"1": [281304.3231545528, 281304.3231545528, 281304.3231545528, 281304.3231545528, 281304.3231545528, 281304.3231545528, 281304.3231545528, 281304.3231545528, 281304.3231545528, 281304.3231545528, 281304.3231545528, 281304.3231545528, 281304.3231545528, 281304.3231545528, 281304.3231545528, 281304.3231545528, 281304.3231545528, 281304.3231545528, 281304.3231545528, 281304.3231545528, 281304.3231545528, 281304.3231545528, 281304.3231545528, 281304.3231545528, 281304.3231545528, 281304.3231545528, 281304.3231545528, 281304.3231545528, 281304.3231545528, 281304.3231545528, 281304.3231545528, 281304.3231545528, 281304.3231545528, 281304.3231545528, 281304.3231545528, 281304.3231545528, 281304.3231545528, 281304.3231545528, 281304.3231545528, 281304.3231545528, 281304.3231545528, 281304.3231545528, 281304.3231545528, 281304.3231545528, 281304.3231545528, 281304.3231545528, 281304.3231545528, 281304.3231545528, 281304.3231545528, 281304.3231545528], "2": [280993.4887879887, 280993.62018880056, 280992.34319372784, 280994.33795996715, 280993.289344305, 280994.51501702884, 280993.96279413014, 280994.5154212341, 280992.53599163046, 280992.44369103346, 280994.1096780423, 280994.01171097223, 280991.8567865167, 280993.77957011963, 280992.69616571773, 280994.1099107827, 280993.35402775084, 280994.14637495106, 280993.04835493054, 280993.3292215682, 280993.4240995192, 280993.28259845264, 280994.3067739531, 280993.3456655759, 280992.9863357787, 280993.6116428569, 280992.8497720864, 280993.4615219872, 280993.4823614739, 280993.8500614305, 280992.5338788597, 280994.5379278561, 280994.1253945975, 280993.43027177866, 280993.17151613167, 280992.74366239645, 280994.35213754413, 280993.14888395125, 280993.0198299578, 280994.29944857064, 280994.02232997684, 280993.4749050629, 280992.35320472234, 280992.3326665798, 280993.61968717596, 280993.3276886604, 280994.28707884933, 280993.4969717817, 280992.9099301224, 280993.6568600552], "3": [280823.8774680626, 280818.14243185834, 280818.07917580055, 280818.16330563306, 280817.92741103505, 280817.1072295807, 280819.1363183386, 280817.63421917043, 280602.7849354292, 280818.20497697097, 280602.7692788953, 280818.03439480526, 280817.08070508897, 280818.52738323034, 280821.0603937229, 280818.15789769596, 280817.9821229928, 280818.22022748453, 280601.3655962652, 280819.5323965002, 280819.205683883, 280817.5773436212, 280601.4239197653, 280818.9442348222, 280819.7706478421, 280823.9765865021, 280818.93602685985, 280818.27183196036, 280823.56580173795, 280817.1647846697, 280817.97291935416, 280820.5977997183, 280820.4084738171, 280818.01805357, 280819.0070866397, 280818.1912516762, 280817.232244521, 280817.77857159975, 280819.53769883065, 280817.3016626271, 280817.25624488667, 280601.73463138245, 280817.99451168225, 280822.7232311681, 280824.20741447725, 280819.3561491796, 280818.1068179795, 280817.6304996587, 280820.8576329314, 280819.2165033642], "4": [280734.28275948414, 280582.96874562296, 280580.4459573938, 280579.1048039484, 280579.07873097924, 280579.688109964, 280599.28388834296, 280576.12839143263, 280579.6496681417, 280580.28137939813, 280579.7149807545, 280576.59702173766, 280576.8059437837, 280576.6680402149, 280580.13401314145, 280579.2935099786, 280576.2443818729, 280580.8089289444, 280575.9888949565, 280574.7055699705, 280580.1699551344, 280576.2177930986, 280579.5018942885, 280582.71444144123, 280576.48780177056, 280575.5560588772, 280583.7910401017, 280577.00716776826, 280579.7839622829, 280581.06279974006, 280580.3068458, 280581.13598430547, 280581.0686663593, 280576.20326080156, 280575.84126917896, 280575.52991334227, 280579.382031833, 280597.93443674984, 280576.0699238414, 280575.89713473845, 280579.4039391414, 280576.0516372726, 280580.5459820224, 280579.19165918825, 280576.22105478664, 280579.3108938345, 280579.45585407637, 280580.2524205298, 280579.86700124847, 280580.53519747796], "5": [280664.1109387059, 280598.07939659664, 280597.66526727437, 280597.5929825721, 280597.0526623553, 280597.5338857617, 280601.4178634063, 280591.9776794424, 280593.5576580868, 280600.5505584402, 280602.29675545095, 280660.50596850883, 280598.0586455141, 280592.3685028845, 280596.387995187, 280618.588348875, 280599.8074226246, 280596.77493950987, 280600.31654242746, 280594.0695139961, 280585.64071351563, 280601.4442879841, 280594.6825145979, 280663.35078189935, 280600.85096527706, 280597.1063456537, 280593.808649154, 280612.80169307574, 280590.4538525888, 280601.19872079283, 280601.17357073224, 280600.6773988851, 280598.7374123305, 280590.84278988495, 280644.05230389134, 280586.3921930623, 280620.22058262915, 280594.13401353447, 280601.7100603248, 280600.3385394106, 280616.4003112943, 280602.5241740106, 280586.32246119896, 280600.77005133877, 280593.8362742084, 280602.67917304655, 280590.2294612447, 280611.4151300424, 280592.9192499242, 280596.77280137554], "6": [280644.10839671176, 280665.86099999753, 280673.1870937589, 280674.36812882667, 280650.801974633, 280642.7280992765, 280674.18133913295, 280653.11022391537, 280652.6116553089, 280676.46234730625, 280669.2699382525, 280651.2338765676, 280653.800708368, 280671.48641779803, 280659.2640572249, 280664.6956867194, 280685.8656863195, 280660.2007655881, 280644.8622044616, 280642.78763360734, 280665.23461185995, 280671.606423642, 280668.40780057607, 280669.8663389404, 280666.3067822947, 280663.95619416045, 280656.461581372, 280730.31464225723, 280663.3821401039, 280672.45741737937, 280650.30188717577, 280669.2520884445, 280669.6043590088, 280652.5182774717, 280664.6079716041, 280668.8572047798, 280665.7092488062, 280675.3486544429, 280660.2233505777, 280652.0379903995, 280660.41292939265, 280694.0400129022, 280643.1658235037, 280654.3453309201, 280668.930749841, 280649.1379884834, 280664.6339133275, 280667.6522137933, 280669.384179344, 280671.7412176221], "7": [280739.1446234975, 280732.1035313719, 280722.66113158665, 280726.58763022115, 280723.5135067757, 280714.1338763967, 280718.81221427885, 280747.2688484612, 280739.69954331324, 280713.8736141006, 280721.7404472817, 280714.5514340452, 280736.36592225847, 280748.744817652, 280714.8867816002, 280730.59569000814, 280730.2352184206, 280703.89354729967, 280735.506448257, 280723.88979976764, 280757.3195167477, 280716.6080450178, 280747.0708445073, 280717.91842765815, 280729.1680823829, 280715.9840759319, 280749.8283825709, 280710.5513900274, 280719.1433261282, 280717.23976634163, 280727.4119653572, 280716.786292484, 280720.98323404667, 280702.4577971756, 280758.8009810669, 280732.14101584896, 280730.49778517836, 280738.55910932744, 280736.9579660881, 280722.2538729904, 280719.45274544804, 280728.7085970728, 280728.358576865, 280714.8585975381, 280725.32174749835, 280711.4776140631, 280713.07228400843, 280720.6756617464, 280748.7433511148, 280720.85962378955], "8": [280794.1114253584, 280800.2057249029, 280761.06713108404, 280787.8067180094, 280788.925318231, 280779.6758259956, 280796.5167731575, 280790.0395747501, 280785.73748943745, 280799.093137471, 280820.5224469056, 280804.6343047158, 280788.10742416536, 280787.093325035, 280812.4077111874, 280789.94822060934, 280790.8755840085, 280775.747032882, 280790.0048768614, 280773.99579081615, 280789.64822716685, 280799.81795155583, 280792.06235828483, 280804.3133445458, 280820.9928008013, 280782.9803352356, 280804.3678467986, 280802.3770495973, 280782.92682321987, 280781.084407083, 280824.2601873057, 280796.74310214305, 280792.26461327844, 280709.95409105625, 280793.0858026629, 280789.8286467237, 280780.95588031784, 280799.4458386099, 280784.5504993206, 280786.9387165621, 280792.1090173426, 280789.1558024221, 280778.0439003884, 280807.73641602765, 280799.0838222258, 280823.05178840895, 280801.00157063827, 280803.61251484, 280792.8013636432, 280786.3040300779]}