{"1": [702035.689450933, 702035.689450933, 702035.689450933, 702035.689450933, 702035.689450933, 702035.689450933, 702035.689450933, 702035.689450933, 702035.689450933, 702035.689450933, 702035.689450933, 702035.689450933, 702035.689450933, 702035.689450933, 702035.689450933, 702035.689450933, 702035.689450933, 702035.689450933, 702035.689450933, 702035.689450933, 702035.689450933, 702035.689450933, 702035.689450933, 702035.689450933, 702035.689450933, 702035.689450933, 702035.689450933, 702035.689450933, 702035.689450933, 702035.689450933, 702035.689450933, 702035.689450933, 702035.689450933, 702035.689450933, 702035.689450933, 702035.689450933, 702035.689450933, 702035.689450933, 702035.689450933, 702035.689450933, 702035.689450933, 702035.689450933, 702035.689450933, 702035.689450933, 702035.689450933, 702035.689450933, 702035.689450933, 702035.689450933, 702035.689450933, 702035.689450933], "2": [700895.9333058444, 700893.4851721616, 700895.4935310986, 700900.2936606616, 700916.1111412147, 700900.7742141546, 700903.1643993853, 700894.724333138, 700893.290988855, 700899.7066830946, 700897.6936428257, 700892.0320974204, 701086.3105466584, 700901.0575918874, 700911.5372570186, 700901.884532567, 700893.3390793604, 700908.2618120215, 700892.9299310971, 701084.3510520856, 700908.7797194836, 700895.9752355961, 700909.8691477943, 700892.5752694008, 700896.6631834937, 701080.9552438598, 700896.6011795654, 700893.4577577781, 700894.2013169522, 700893.7750220778, 700898.3935539452, 700912.1827364576, 700902.2640791556, 700894.7943799405, 700911.9685465369, 700907.3067739808, 701082.3139652095, 700906.8228718047, 700905.3707000182, 700905.7711976964, 701085.4904642686, 701082.1778686397, 700895.5584075435, 700903.0932084902, 700905.1186587925, 700899.4679404628, 700909.7917443323, 701080.3336345983, 700905.2892838782, 700906.913992681], "3": [699726.2733539306, 699726.6014364425, 699725.986037445, 699726.2218740665, 699726.4587212126, 699727.3616522761, 699727.0094519317, 699726.3197006211, 699725.2834421769, 699727.0145151363, 699726.2223900687, 699727.7534697856, 699726.2091829104, 699727.3048811787, 699725.5937443608, 699725.9052718247, 699727.386944588, 699725.7675611385, 699727.6290365612, 699724.6633562157, 699725.8004704635, 699728.0637708958, 699725.3440507879, 699726.5190431577, 699727.1735814261, 699726.2976224737, 699727.1085738624, 700112.6810939921, 699729.5761001724, 699725.8171089315, 699726.4753288596, 699725.4972987669, 699733.4878557844, 699726.4030722873, 699725.6543551267, 700112.4756226336, 699721.3012253495, 700112.0213375523, 699726.4897606698, 699727.5861112074, 699741.5974765447, 699713.9604000159, 699727.3432052583, 699725.6552187703, 699725.1809651867, 699727.5345605693, 699726.6870946959, 699897.4135750508, 699726.1081931691, 699725.8017843759], "4": [699000.1181039431, 699002.0819240409, 699005.2859292626, 699043.8002124287, 698996.1573013817, 699000.5567903745, 699028.2066744402, 698998.0693130206, 699010.0351437745, 698999.9097745724, 699030.889155538, 698997.2025590684, 698999.6907224557, 699013.9250714548, 699247.693087063, 698992.6171065959, 699695.5239311166, 699000.1374754662, 699006.3227586857, 698999.6619626062, 698994.1555506691, 699009.5192864505, 698999.8415390849, 699004.5330017031, 699027.7320131228, 698999.8551397303, 698993.3940528566, 699004.3546860229, 698999.8871807534, 699568.9395236057, 698988.8039575804, 699000.4127043667, 699000.8477000714, 698997.4805762608, 698998.2462108281, 699809.608632985, 699025.9008081146, 698986.36212734, 699000.1598945584, 699000.3407143273, 699260.2808699379, 699002.5172274179, 699007.4370127628, 699250.7741063266, 698994.5578781092, 699016.492057221, 698998.1810564625, 698999.1435973799, 698989.0114074945, 698995.7735818815], "5": [698803.0633135922, 698729.2696745141, 698770.9746510998, 698775.25359838, 698795.7864436832, 698778.2569244285, 698805.9811892929, 698770.8844289858, 698780.2725851233, 698789.7082517648, 698726.7985329638, 698792.0792908219, 698724.237367691, 698735.1148843735, 698795.5227145826, 698740.4540325906, 698729.9881385091, 698796.7135910509, 698769.9521626612, 698817.9396518733, 698776.9702396843, 698738.5312131136, 698759.902628356, 698786.8595371712, 698762.8831186036, 698729.4764193377, 698781.6810567955, 698784.0961265988, 698863.1471747555, 698725.2475454778, 698791.9053592655, 698782.1296020353, 698732.1486768279, 698807.0561457495, 698758.2721516731, 698748.3954773751, 698732.302756904, 698747.4090618995, 698746.932264007, 698755.5012408653, 698784.1199100164, 698783.5344371521, 698771.913130077, 698782.6771243612, 698786.8226474661, 698795.914840736, 698791.2139592035, 698723.698475843, 698751.3529412694, 698782.827432213], "6": [698737.1252413967, 698769.7202899876, 698815.2305828084, 698757.3028407464, 698765.7795516193, 698755.5870965726, 698757.4620270598, 698730.786934741, 698729.9406693758, 698728.6411337616, 698755.50517128, 698740.5379089238, 698761.123883193, 698748.7124580917, 698801.5071853431, 698751.3301987264, 698751.6014149842, 698763.8458621221, 698749.0485402688, 698800.6083760008, 698743.1396177738, 698784.8908340464, 698791.5358894552, 698783.0164913816, 698788.0282020657, 698747.2709033557, 698797.6429244061, 698732.6807618655, 698734.7461958503, 698752.8346688756, 698760.8018968995, 698738.8722395048, 698762.9072299632, 698778.6261569615, 698737.4467930925, 698747.2865890145, 698762.992146183, 698752.5042132976, 698755.579536641, 698751.0794124247, 698774.2309979667, 698767.1495517872, 698815.7855178416, 698780.089218489, 698739.9043957671, 698765.3070139613, 698743.4420660916, 698797.9485167752, 698785.5525017816, 698767.1460753671], "7": [698823.3736058068, 698777.4826398782, 698817.2483694915, 698800.8909063035, 698799.0476713659, 698798.5583547461, 698747.1463325586, 698798.0072664631, 698826.0566546387, 698827.1758459792, 698781.5615445845, 698785.3993741451, 698823.0712438921, 698796.3542083742, 698808.9444821969, 698845.2878558866, 698816.2004247472, 698769.6517073995, 698832.3160261378, 698760.4952624359, 698806.8763676196, 698755.1423552134, 698797.7772423078, 698779.3436862091, 698824.2647250021, 698808.3340269057, 698808.8263370672, 698831.7650264312, 698762.7700454228, 698804.6280921021, 698784.2865632154, 698843.8037604113, 698741.1459548904, 698788.1240645277, 698799.6926648606, 698795.9305550958, 698788.2189859396, 698832.0472861386, 698812.8055057708, 698749.8277620364, 698779.624162904, 698828.7488937612, 698790.8598634352, 698827.3615363028, 698801.141773797, 698798.2126530282, 698808.7967781301, 698822.7486370836, 698801.8375969926, 698841.0024028165], "8": [698815.6180850024, 698898.7390277095, 698857.6820981784, 698837.0135351857, 698843.1103212805, 698818.5556211816, 698822.4512581156, 698840.4211832946, 698843.7897542753, 698851.1977695823, 698897.9763545728, 698887.8818749927, 698851.186997863, 698830.6846767509, 698894.0656250094, 698836.5399244542, 698861.2965166417, 698852.8430884515, 698877.296557548, 698870.3839329056, 698853.7886704596, 698828.7392746008, 698908.7500410439, 698881.3729756364, 698872.4425463234, 698797.6336418714, 698892.7849405652, 698864.3991074477, 698829.9589495886, 698883.2039239235, 698893.2658825895, 698867.9700842268, 698850.7917951292, 698854.9834365357, 698895.1077965094, 698886.7643074258, 698898.4800199635, 698842.437990034, 698834.5752938595, 698854.1931627113, 698844.3977791863, 698832.7221993973, 698860.3990072373, 698888.8314310522, 698888.1281897598, 698805.4654279215, 698835.21746876, 698864.0310047094, 698871.3508777169, 698827.1536246423]}