{"1": [375648.1405272456, 375648.1405272456, 375648.1405272456, 375648.1405272456, 375648.1405272456, 375648.1405272456, 375648.1405272456, 375648.1405272456, 375648.1405272456, 375648.1405272456, 375648.1405272456, 375648.1405272456, 375648.1405272456, 375648.1405272456, 375648.1405272456, 375648.1405272456, 375648.1405272456, 375648.1405272456, 375648.1405272456, 375648.1405272456, 375648.1405272456, 375648.1405272456, 375648.1405272456, 375648.1405272456, 375648.1405272456, 375648.1405272456, 375648.1405272456, 375648.1405272456, 375648.1405272456, 375648.1405272456, 375648.1405272456, 375648.1405272456, 375648.1405272456, 375648.1405272456, 375648.1405272456, 375648.1405272456, 375648.1405272456, 375648.1405272456, 375648.1405272456, 375648.1405272456, 375648.1405272456, 375648.1405272456, 375648.1405272456, 375648.1405272456, 375648.1405272456, 375648.1405272456, 375648.1405272456, 375648.1405272456, 375648.1405272456, 375648.1405272456], "2": [375159.3785487921, 374652.8202260953, 374652.8802756489, 374652.8881085795, 374652.7908099822, 375293.42658328166, 375159.21295790025, 375294.6243329159, 374652.8075922865, 375160.23968103796, 375159.6222401485, 375292.342067932, 375160.3297633603, 374652.93370615575, 375292.5861152749, 375159.22885244165, 374653.00819086505, 375159.6974025526, 375291.90929334273, 375295.1967248396, 375158.98933883617, 375290.11524810037, 374653.0427418567, 374652.8821097442, 375160.1411307469, 374653.00023002224, 375160.6779353168, 374652.97831049276, 375160.23307346384, 374652.9142602142, 375290.7123118562, 375294.5459117764, 375294.9987875873, 375293.4275901693, 374652.9669933984, 375159.57096567855, 375159.5962486175, 375156.5451302416, 374652.8199011334, 375159.1154526053, 375295.30224741535, 375158.6698958123, 375290.6576950612, 375159.21295790025, 375159.3815377404, 375295.2653414201, 375160.43369410903, 374652.9280193497, 375159.7727394077, 374652.85083960235], "3": [374628.153370139, 374598.34443806036, 374598.13168347615, 374595.6072896465, 374599.33095545415, 374598.4232944305, 374599.3097212351, 374599.4373346261, 374603.2258272539, 374595.15316740656, 374597.70922698244, 374597.93972255185, 374600.30311491975, 374598.39509873156, 374598.49438083026, 374600.31210636185, 374594.6198818754, 374599.66946159495, 374598.6481503544, 374601.4941922027, 374601.32793789345, 374597.31648658664, 374599.7382170759, 374596.33063597564, 374598.62263481657, 374600.76096030127, 374598.56499917054, 374598.68928676227, 374627.0007751281, 374596.1960608496, 374595.0022227634, 374595.4775167763, 374598.6419074937, 374628.44076466776, 374599.02295520424, 374598.533472433, 374598.3123509692, 374598.69580040965, 374599.2070032911, 374600.70693412755, 374593.7870886408, 374599.1230592463, 374594.26127353637, 374598.14356154867, 374598.7974958825, 374595.5568642473, 374628.0427846131, 374623.84393672197, 374599.5569905094, 374591.1664691071], "4": [374616.4264405405, 374457.2309661766, 374485.75580806035, 374618.2056128837, 374487.81639610924, 374632.05493921175, 374458.6847506562, 374459.22349704057, 374639.8775223045, 374486.74202846515, 374486.37904505717, 374486.7484373876, 374636.88339947915, 374486.63950619573, 374637.461372868, 374638.5282084255, 374449.05489274533, 374452.4931070774, 374461.8731999286, 374459.6060767223, 374464.38830257434, 374458.5852114343, 374488.2576227524, 374484.9121054226, 374484.17907608097, 374465.17837508523, 374460.92196223635, 374450.2798140067, 374464.1164298871, 374483.8967935731, 374485.2340535491, 374487.15910981316, 374429.937180174, 374484.2208831904, 374443.22243218217, 374636.71231091704, 374483.25931157084, 374485.69757983845, 374665.3202277303, 374457.6263094246, 374484.77646113053, 374458.11590059806, 374563.68913783785, 374632.9720402818, 374637.4120298039, 374485.76472613617, 374463.9820646629, 374637.72909474553, 374640.1992142657, 374458.868840676], "5": [374441.5812471242, 374412.5333103933, 374402.67656481126, 374540.07437620667, 374406.9902338214, 374403.56167855853, 374413.3497774586, 374410.1831378226, 374399.7473613639, 374396.2833306526, 374413.92542901804, 374408.6184511773, 374482.88350970054, 374429.76087535097, 374416.38155684597, 374407.64936702367, 374411.1741038084, 374408.88277040917, 374413.47136535676, 374407.9437204987, 374405.353140381, 374406.9104303363, 374400.49409593694, 374404.5766085445, 374406.97047782544, 374409.7221927214, 374413.571669503, 374404.664080812, 374402.4914804694, 374401.0013391106, 374662.13048390765, 374593.1245789661, 374409.8089355041, 374485.4698679317, 374408.6816164062, 374404.3465477754, 374418.36891795945, 374407.5278999117, 374417.67687753926, 374418.8181610455, 374400.9355829483, 374436.0345987233, 374406.5807996561, 374414.2832958746, 374413.5120754478, 374412.5712051051, 374412.1782792473, 374414.5671941644, 374414.32313904405, 374407.44125746784], "6": [374440.8275040378, 374456.5252148716, 374479.4175451035, 374439.71547164075, 374433.5802214237, 374428.90639925905, 374445.59961490025, 374448.43004343443, 374446.55115085613, 374454.1318648182, 374460.5673939382, 374453.2445761719, 374422.2774328081, 374473.95260759006, 374444.75351611024, 374439.3231683133, 374563.32362153725, 374442.70486916584, 374442.2943046149, 374451.76065183827, 374427.24170048424, 374515.3797294553, 374677.280485728, 374498.31219887984, 374443.7650347371, 374423.7221139591, 374527.7443533176, 374443.72254907904, 374457.448473203, 374454.8544037934, 374511.5528931355, 374443.4628215423, 374458.0373983378, 374444.92923054117, 374442.83306201856, 374502.22795745265, 374447.35821555, 374423.6740139152, 374440.50214655144, 374433.11045901215, 374452.98317388206, 374465.8540690796, 374449.47339397576, 374467.5167734782, 374457.2008112376, 374442.66731877043, 374450.55618175975, 374447.75676623726, 374445.95513527165, 374475.5172604025], "7": [374533.59584852116, 374513.3388236069, 374508.2445872346, 374527.50384191296, 374529.4288536109, 374540.72239984357, 374579.24933417834, 374524.27179149503, 374533.1122199188, 374530.69328664907, 374505.04515190393, 374584.6393687229, 374521.5742738491, 374534.1387734637, 374508.83557247365, 374506.51200022124, 374521.323934657, 374513.1969229711, 374506.3733322361, 374535.85886767204, 374572.0923141437, 374535.8624175811, 374526.4736537889, 374504.9870692635, 374508.4690473802, 374528.77376249275, 374515.96281565155, 374502.1597679964, 374521.90891184396, 374498.1387359676, 374508.6537856334, 374531.5864196751, 374513.2698277416, 374577.3069944068, 374501.3551423162, 374498.22777205234, 374531.4658608354, 374522.57428845, 374505.3044878825, 374507.7050088796, 374532.27266520186, 374500.4839840307, 374539.97831623565, 374532.4055061605, 374516.54656714835, 374510.6928573321, 374531.45172079257, 374510.1981551253, 374522.3841912023, 374531.6545425324], "8": [374590.7263850794, 374593.8321879057, 374600.4149105855, 374603.49095423706, 374591.5058363695, 374590.7336823562, 374559.1490099046, 374575.0948313916, 374580.4092256338, 374593.8238770448, 374576.5743076829, 374578.68294168584, 374603.06564052193, 374613.4901744479, 374581.06112860027, 374569.05692907696, 374594.6663384688, 374589.9893588817, 374625.3142958763, 374587.80927660863, 374559.526361756, 374575.37950573413, 374597.9762025159, 374602.6419357724, 374597.3444281637, 374591.12787896866, 374610.6567358618, 374589.19854551257, 374558.6568745874, 374567.7206891641, 374564.6335016411, 374594.74638865306, 374592.5151585403, 374571.9777227617, 374583.87791318813, 374596.8662386468, 374569.62084676785, 374574.2111192657, 374613.3785993272, 374559.29604644014, 374589.87926910503, 374585.8863505096, 374579.37874452234, 374557.65152649104, 374591.92304190533, 374598.29307098675, 374597.4142501804, 374594.40927742654, 374615.2457110681, 374595.77264271333]}