{"1": [752014.7882199413, 752014.7882199413, 752014.7882199413, 752014.7882199413, 752014.7882199413, 752014.7882199413, 752014.7882199413, 752014.7882199413, 752014.7882199413, 752014.7882199413, 752014.7882199413, 752014.7882199413, 752014.7882199413, 752014.7882199413, 752014.7882199413, 752014.7882199413, 752014.7882199413, 752014.7882199413, 752014.7882199413, 752014.7882199413, 752014.7882199413, 752014.7882199413, 752014.7882199413, 752014.7882199413, 752014.7882199413, 752014.7882199413, 752014.7882199413, 752014.7882199413, 752014.7882199413, 752014.7882199413, 752014.7882199413, 752014.7882199413, 752014.7882199413, 752014.7882199413, 752014.7882199413, 752014.7882199413, 752014.7882199413, 752014.7882199413, 752014.7882199413, 752014.7882199413, 752014.7882199413, 752014.7882199413, 752014.7882199413, 752014.7882199413, 752014.7882199413, 752014.7882199413, 752014.7882199413, 752014.7882199413, 752014.7882199413, 752014.7882199413], "2": [748709.2254868366, 748708.9022179676, 748709.4846717749, 750801.0497579155, 748709.4508652114, 748709.2397823597, 748709.5281348672, 748709.0944697199, 748709.3925949525, 748709.4540118615, 750793.9844987426, 748709.1055477193, 748709.1600430178, 748708.9724375426, 748709.3155294873, 748709.5371528731, 748708.8999119044, 750785.5658533905, 748709.4170555024, 748708.8552941199, 748709.2730093207, 748708.9354084184, 750781.2478860881, 748709.1043032025, 748709.1742196976, 748709.507442337, 748709.163117138, 748708.9252690558, 748708.9003277546, 748709.0091066335, 748709.0149151608, 748708.8946294786, 748708.9385582265, 748709.2798618138, 748709.4995773782, 748709.0132828599, 748708.9742868613, 748709.2769475247, 750811.6846628552, 750784.2332716013, 748709.3586416763, 748709.4120222861, 748708.9228234711, 748709.165159266, 748709.0792696086, 748709.4652280206, 748709.0015660602, 748709.5285073685, 750803.0659365813, 748705.1189499665], "3": [748688.2275230151, 748464.877702663, 748458.6759341634, 748462.9841956598, 748459.1108330095, 748459.9862410815, 748458.1120066374, 748458.4724294113, 748456.9319749405, 748465.0965156471, 748456.0274563045, 748459.364742314, 748459.6450631991, 748458.9531620903, 748458.4789158017, 748459.840101782, 748459.1012229975, 748458.6591813848, 748459.6777221271, 748459.0344063616, 748458.3409152654, 748459.0038476111, 748458.8242651866, 748458.6404762446, 748459.7203733871, 748460.1953247203, 748458.8911617375, 748458.189223512, 748457.2764756158, 748450.3364178385, 748466.8430930141, 748472.3487717871, 748459.0205465361, 748460.4314671452, 748457.6770571009, 748458.7986929305, 748461.8619911802, 748461.4788999325, 748456.9810619666, 748460.2889909726, 748459.3042166915, 748458.0600597269, 748463.4551490783, 748456.9560927874, 748460.1860856832, 748460.319911186, 748459.778701332, 748465.18016217, 748458.7031030327, 748457.0628375267], "4": [748626.495800799, 748610.054652469, 748632.383914697, 748547.578153605, 748610.7266465577, 748607.4499569471, 748597.7826695942, 748628.0048932107, 748629.0689510807, 748609.3400021899, 748492.5347162574, 748609.6323621462, 748629.3383325366, 748629.2129444464, 748614.4526769788, 748585.1137012586, 748600.6255713687, 748545.558394703, 748611.1863519487, 748611.148744347, 748513.8048274879, 748613.3481440436, 748610.0008221895, 748519.4606903383, 748601.8701271816, 748633.2157582067, 748517.8479865284, 748614.6719630234, 748534.8503897835, 748597.3480400976, 748636.6889235992, 748613.3998994046, 748630.829480515, 748614.7394776621, 748522.9476608215, 748634.3184430894, 748545.1382401732, 748516.701340652, 748506.4880376594, 748613.2040477209, 748622.8221635472, 748626.6228287101, 748623.3285041824, 748637.7343503775, 748525.3220896999, 748604.9568596052, 748634.4243173698, 748529.1855964875, 748616.4680963861, 748487.5207097385], "5": [748666.6302155483, 748630.1545011756, 748601.6064764891, 748511.965588226, 748641.4583664463, 748626.007828578, 748477.1855862875, 748693.9394610026, 748510.0606733419, 748709.3524480289, 748669.6636200434, 748507.1583688628, 748631.7225385628, 748706.889058971, 748638.5265173233, 748671.2311975012, 748668.4201165232, 748666.8340724874, 748669.5396587144, 748675.9784188265, 748634.1483092417, 748689.2865057021, 748662.1986332783, 748641.5257959176, 748649.2350546205, 748664.1708935407, 748632.7904470572, 748614.4741688356, 748675.3832095333, 748632.7243307865, 748669.3555206117, 748666.9632849406, 748634.3984454306, 748644.2074538736, 748668.8730008992, 748698.8848697935, 748633.1337938412, 748513.527819813, 748591.2694308052, 748622.5743971616, 748663.1671730567, 748652.1882980079, 748660.2718975208, 748681.1565209791, 748664.068809864, 748533.9763633258, 748607.010477822, 748646.4522969879, 748657.8662535205, 748726.2620811783], "6": [748586.6734269852, 748507.5887341856, 748583.6649311751, 748491.8013819499, 748724.3893543252, 748575.0782706764, 748592.7733269358, 748722.889872294, 748535.0578924533, 748578.5252967166, 748725.6888262237, 748675.2232866238, 748489.4264871841, 748698.600702638, 748668.3844646496, 748737.8613076282, 748732.0468378331, 748494.1057232728, 748562.4850584237, 748492.7683286302, 748739.7897601713, 748731.4795632706, 748725.362423292, 748685.4224782073, 748731.4176084242, 748684.6902599169, 748586.2708189128, 748588.0550492281, 748736.0948249173, 748590.0944994349, 748485.2506805117, 748696.2790427, 748490.9171924776, 748577.1288843455, 748722.3066145955, 748734.7291141514, 748584.9044143865, 748690.3082866801, 748537.15736193, 748730.9639007911, 748669.0497444822, 748721.9931933393, 748706.7877649585, 748504.2144311632, 748730.71135008, 748640.6636574788, 748670.6906897573, 748734.8337624117, 748716.991557838, 748674.590062795], "7": [748568.424594401, 748567.1796064737, 748669.8132756675, 748770.132621071, 748735.4075937785, 748570.0436294631, 748549.2482252152, 748569.2383475461, 748566.0957989524, 748809.9405192075, 748695.264562048, 748783.1470513846, 748737.947431458, 748565.1702489703, 748727.8737424803, 748610.0267508023, 748570.6663427829, 748722.0985277229, 748553.2377117163, 748562.086298992, 748575.756270141, 748563.3896867008, 748558.3118112135, 748566.6089228692, 748542.256423455, 748713.0299397715, 748546.9105537689, 748561.9616380039, 748600.1613449424, 748578.1849699739, 748749.1197182155, 748624.6229632072, 748571.5532796808, 748751.3041686469, 748768.0170642799, 748563.2986851644, 748751.7143054631, 748579.4674177924, 748779.0356765242, 748636.6811854251, 748732.62346714, 748562.1174276352, 748754.1944011034, 748554.0528374319, 748764.9868012274, 748563.622793316, 748631.1230563921, 748573.0782092718, 748759.0563030496, 748569.7171541502], "8": [748757.3246799513, 748618.8821012249, 748629.9917217593, 748658.7868620206, 748850.0623710714, 748733.3043739197, 748646.0320347658, 748661.0504439023, 748645.0107952785, 748633.6440065284, 748617.1449366682, 748618.9632979172, 748637.0595185282, 748622.0975701573, 748632.4060438778, 748782.7323592397, 748613.0026987283, 748629.8472581247, 748630.010341647, 748650.3912726836, 748607.9342347666, 748740.3457816278, 748632.3008712458, 748639.9466773921, 748629.734287851, 748622.2937807052, 748639.5800939086, 748639.9490107999, 748840.1535919238, 748654.7346171365, 748627.0212467473, 748834.706811233, 748835.6274768404, 748617.3286232525, 748626.51580464, 748769.6156666365, 748622.6804941808, 748631.4103346395, 748651.4319481282, 748643.5927635286, 748639.7310657674, 748843.2049910496, 748623.0745176552, 748850.246088322, 748828.5722498731, 748676.1536140577, 748632.8189642143, 748645.2781914899, 748778.4886613352, 748642.7044547636]}