{"1": [333455.5803819472, 333455.5803819472, 333455.5803819472, 333455.5803819472, 333455.5803819472, 333455.5803819472, 333455.5803819472, 333455.5803819472, 333455.5803819472, 333455.5803819472, 333455.5803819472, 333455.5803819472, 333455.5803819472, 333455.5803819472, 333455.5803819472, 333455.5803819472, 333455.5803819472, 333455.5803819472, 333455.5803819472, 333455.5803819472, 333455.5803819472, 333455.5803819472, 333455.5803819472, 333455.5803819472, 333455.5803819472, 333455.5803819472, 333455.5803819472, 333455.5803819472, 333455.5803819472, 333455.5803819472, 333455.5803819472, 333455.5803819472, 333455.5803819472, 333455.5803819472, 333455.5803819472, 333455.5803819472, 333455.5803819472, 333455.5803819472, 333455.5803819472, 333455.5803819472, 333455.5803819472, 333455.5803819472, 333455.5803819472, 333455.5803819472, 333455.5803819472, 333455.5803819472, 333455.5803819472, 333455.5803819472, 333455.5803819472, 333455.5803819472], "2": [333394.8825667736, 333388.96874174196, 333178.2431649834, 333177.8547464732, 333393.1723645685, 333395.83915291243, 333396.0312912539, 333392.02589238936, 333394.72344737395, 333395.5668993042, 333395.2760867922, 333395.30743808136, 333389.27722604625, 333392.37380150857, 333388.5839480234, 333394.711098426, 333178.11065158754, 333392.50497285055, 333177.99422402144, 333394.24230235873, 333388.61763083545, 333395.61037569947, 333395.27688536025, 333395.6159916384, 333396.0099513048, 333395.74944527465, 333393.6017735289, 333388.5793906517, 333395.4102737411, 333395.1192349553, 333178.3668474396, 333395.97101948265, 333389.27722604625, 333395.39855798724, 333395.510832117, 333395.58581572765, 333387.74559462344, 333395.45423312427, 333395.7189818009, 333177.94829852576, 333395.2221404023, 333392.83894452365, 333395.24808151845, 333392.0264060403, 333395.1994626518, 333395.54685623175, 333389.02743493207, 333391.99325906474, 333390.80612616567, 333395.49184789165], "3": [333129.1621705679, 333128.7015038478, 333124.05193913035, 333128.4286147591, 333122.15916725056, 333128.57010772004, 333127.1191753776, 333164.7214412733, 333128.03118204273, 333127.842344655, 333128.34666858934, 333129.0919790497, 333128.66260448575, 333125.6679235593, 333128.45097682136, 333147.8946265106, 333129.93790921033, 333128.3919293669, 333126.2855035301, 333128.7359968911, 333127.404176678, 333123.71791947546, 333127.9914209719, 333130.1010644414, 333126.1334191055, 333126.89940992015, 333129.45825677854, 333129.5237361404, 333154.5140634921, 333128.45142848353, 333128.89524756203, 333126.6455792834, 333128.4786138546, 333126.6496340359, 333127.98288806033, 333148.85333550454, 333130.5428334483, 333151.5317005602, 333127.9295464323, 333124.67889335146, 333127.4425261079, 333126.19605729706, 333144.76948142314, 333128.08319631004, 333153.53596597107, 333148.2270896763, 333129.36876476527, 333129.18423204665, 333130.3621052888, 333154.0765291885], "4": [333083.9580371723, 333164.63723791495, 333087.1228755827, 333085.3858356068, 333120.4698990125, 333088.7768215998, 333087.99107635097, 333071.3583832913, 333170.2149668453, 333087.54840269923, 333087.6410889399, 333075.11815222964, 333161.8387987452, 333086.2306982195, 333085.69113703404, 333081.5594321893, 333073.47221921454, 333086.72927542054, 333078.3550934483, 333085.2859713067, 333086.16491235985, 333114.6884271692, 333085.9364547621, 333094.31873706484, 333116.57439184486, 333092.7540569727, 333073.7485222048, 333088.19545247604, 333086.962469067, 333073.871490017, 333086.4846956044, 333077.88166054455, 333083.4797194828, 333078.77791823604, 333089.6007375916, 333076.77184105275, 333085.7967718141, 333087.47095053585, 333073.35952080996, 333078.5538082447, 333169.0935602182, 333087.57611948927, 333086.6587700522, 333085.9350179304, 333083.79548195604, 333169.00517937983, 333081.425359177, 333171.57243667124, 333087.10532416304, 333078.6861310032], "5": [333141.6379995762, 333143.8295073781, 333146.21172191633, 333148.92832194315, 333149.4528703675, 333141.6411931625, 333136.0535970634, 333153.31866199226, 333150.5388530941, 333153.02404822415, 333182.3092616452, 333112.1936925243, 333154.62396855606, 333141.438797408, 333149.96915203397, 333144.66556812875, 333152.61750219995, 333143.1222607885, 333159.0754625118, 333151.70450941013, 333138.63390085206, 333135.80705334997, 333140.6190369141, 333151.85122314293, 333152.0964147074, 333133.79897937406, 333158.7318995041, 333172.9290934163, 333145.04802970815, 333144.0326919412, 333127.30053063907, 333144.2652594175, 333153.88957879023, 333138.9976557423, 333143.3351769435, 333148.9144122031, 333151.4630907216, 333143.90029381536, 333138.980451667, 333153.52036060015, 333150.0227829227, 333149.69227592356, 333153.75735003006, 333140.7928565731, 333141.35849803005, 333144.45573917823, 333143.87463838974, 333148.3792367595, 333150.6128421744, 333143.8629382178], "6": [333229.4808378003, 333233.3527546204, 333216.2751109911, 333199.7617764122, 333209.027847761, 333176.85332079756, 333167.8746189159, 333215.96959801693, 333210.7498666462, 333197.46062485327, 333197.0328083161, 333206.37145153875, 333205.06941204733, 333186.7233603668, 333211.75087253464, 333197.4807577651, 333199.87332819524, 333205.4215748939, 333224.41734580335, 333200.1341089145, 333210.18576622184, 333195.54258715303, 333185.98592732736, 333205.49813192897, 333222.5026821994, 333190.26793394226, 333229.92210785777, 333202.2706930467, 333209.4118555922, 333167.37584829755, 333231.8830212575, 333218.2907136446, 333234.20093210187, 333211.3814951932, 333220.6148088002, 333199.3692291034, 333194.1705111293, 333226.4559739508, 333211.6366693768, 333213.1067613257, 333221.10431406106, 333192.82659059006, 333232.0117620131, 333230.1916351761, 333218.9022820144, 333219.5135638977, 333201.42471142753, 333200.5453420361, 333208.55387084413, 333212.0629308469], "7": [333281.4964786424, 333251.14444955986, 333284.06931469496, 333284.56315158436, 333313.39765372465, 333220.36846160825, 333262.78647600266, 333247.11470850365, 333261.00046919385, 333300.8747394386, 333189.31914522004, 333257.1048617737, 333285.2052147091, 333222.2220010751, 333277.8089387832, 333250.88584065484, 333266.37734287325, 333282.7744385494, 333304.6557062787, 333231.18961884134, 333293.89959016256, 333213.37537028623, 333253.6689638341, 333289.18467798637, 333212.26012854086, 333300.79726362845, 333228.34220437036, 333279.0248728853, 333272.15021343547, 333234.5452622861, 333240.4955670103, 333242.8980659459, 333247.80836475966, 333263.9122224858, 333264.34589639504, 333223.67531575594, 333274.7771329309, 333250.05798110884, 333282.21700522164, 333258.0418894794, 333275.25977061025, 333282.2935433172, 333285.24575933436, 333272.21649214113, 333219.5653204501, 333237.5064548396, 333253.1831729634, 333253.0712445583, 333250.0448577863, 333273.80275078176], "8": [333330.4229562798, 333308.1691722967, 333269.8747168535, 333331.3806388977, 333348.7163028916, 333352.56454237114, 333294.43124736217, 333365.61511664384, 333315.52460604935, 333308.3226781603, 333351.7329406752, 333365.2283843212, 333333.9938866769, 333281.423310988, 333328.2445174238, 333297.9530555447, 333299.29022682307, 333353.25295437645, 333344.5691688603, 333331.66840091144, 333363.12150612415, 333270.50636559067, 333331.68824205745, 333325.1420226191, 333272.8023054366, 333365.8568531488, 333289.7184220464, 333343.5252342603, 333320.5745467114, 333319.8548346704, 333310.56098970055, 333362.4044723211, 333301.600692006, 333337.0006007425, 333320.87557408086, 333348.6697034536, 333349.4102911128, 333317.8207913999, 333304.1533347482, 333296.64534887706, 333338.038899936, 333348.0947281569, 333324.7692082841, 333319.21080328117, 333305.755412298, 333344.8054030101, 333297.3685578577, 333283.82137922803, 333331.92772233003, 333309.769225449]}