{"1": [290162.8103878355, 290162.8103878355, 290162.8103878355, 290162.8103878355, 290162.8103878355, 290162.8103878355, 290162.8103878355, 290162.8103878355, 290162.8103878355, 290162.8103878355, 290162.8103878355, 290162.8103878355, 290162.8103878355, 290162.8103878355, 290162.8103878355, 290162.8103878355, 290162.8103878355, 290162.8103878355, 290162.8103878355, 290162.8103878355, 290162.8103878355, 290162.8103878355, 290162.8103878355, 290162.8103878355, 290162.8103878355, 290162.8103878355, 290162.8103878355, 290162.8103878355, 290162.8103878355, 290162.8103878355, 290162.8103878355, 290162.8103878355, 290162.8103878355, 290162.8103878355, 290162.8103878355, 290162.8103878355, 290162.8103878355, 290162.8103878355, 290162.8103878355, 290162.8103878355, 290162.8103878355, 290162.8103878355, 290162.8103878355, 290162.8103878355, 290162.8103878355, 290162.8103878355, 290162.8103878355, 290162.8103878355, 290162.8103878355, 290162.8103878355], "2": [288638.5045423677, 288638.5922062378, 288638.7051794032, 288638.4588648412, 288638.5743072484, 288638.5050382, 288638.5945808092, 288638.5534951154, 288638.5571589698, 288638.6509192355, 289551.3247657634, 288638.45876404364, 288638.59018926724, 288638.6199145133, 288638.4905091025, 288638.53975677304, 288638.49425630504, 288638.5934546525, 288638.6901018728, 288638.5457678905, 288638.5945230937, 288638.59427273547, 288638.5640128328, 288638.46302244876, 288638.5061077781, 288638.6551041449, 288638.59427273547, 288638.47697141784, 288638.46679916215, 288638.4959545984, 288638.4821958616, 288638.51886467315, 288638.4736627724, 288638.6400218269, 288638.53808278556, 288638.56929952087, 288638.63491312397, 288638.60877241456, 288638.60709247255, 288638.6063967314, 288638.46350561554, 288638.61994718533, 288638.5743072484, 288638.7065944003, 289551.3274083023, 288638.4656356298, 288638.4873624818, 288638.55400863214, 289551.3247657634, 288638.48850365804], "3": [288484.2141712318, 288483.6328309632, 288483.45641686366, 288482.4821624826, 288484.2535994996, 288481.67753315665, 288485.1384637801, 288473.79753610963, 288477.3289442447, 288482.7844151455, 288481.5071839889, 288484.4614921888, 288484.9788388148, 288474.4649686962, 288479.9890285089, 288478.4575706935, 287974.2023752516, 288483.9343486151, 288484.2176988285, 288479.0778653068, 288478.35893118614, 287974.1818586592, 288482.7272563621, 288482.3137805899, 287974.20208651747, 288482.26822209684, 288479.4209349636, 288482.44197039964, 288483.4235163846, 288484.48532845237, 288474.5714006446, 288482.0800717136, 287974.25586524734, 288483.3377027121, 288545.3195316435, 288485.36100428476, 288484.42558106105, 288482.17661076435, 288485.0098327878, 288481.3087523088, 288482.4097375905, 288484.2809447449, 288484.54827327974, 288485.5388111469, 288484.20700852934, 288481.0592883818, 288479.96686809574, 288479.54907556967, 288482.4380277864, 288479.9105933257], "4": [287890.66350263177, 287890.7716405263, 287890.7700923428, 287890.6039697751, 287890.6724208399, 287890.69149929244, 287890.660194896, 287949.17470485915, 287890.4855957567, 287890.6231487193, 287890.81292812095, 287890.6262203847, 287890.80347682105, 287890.68208677263, 287890.7186258434, 287890.67137154215, 287890.7820013349, 287890.5924404021, 287890.58745765, 287890.58512104733, 287995.49923523667, 287890.54304774874, 287890.57244906307, 287890.72825716285, 287890.79071212414, 287995.266297298, 287993.9528371754, 287890.79366569826, 287890.78131864686, 287890.777209627, 287955.26636937115, 287930.51518247765, 287890.5388652417, 287949.1929105204, 287890.568052183, 287890.74063308083, 287890.6385507459, 287890.60550307005, 287890.7051456296, 287890.7855855423, 287890.7072458358, 287890.61771476606, 287890.6490855167, 287890.7115869691, 287890.7633511275, 287890.72604723705, 287992.43339414627, 287890.6966705733, 287890.56715684803, 287890.7680552455], "5": [287855.57299493346, 288035.4115027082, 287937.8226752809, 287845.1738747769, 287937.9821761332, 287844.3543103967, 287928.627940503, 287850.17140656465, 287899.4271566885, 287937.7185359728, 287846.2860650822, 287848.79846588406, 287853.0518429299, 287851.217938852, 287846.28187595797, 288013.27434655285, 287850.0634609468, 287849.8126229288, 287849.99393578863, 287844.5117367542, 287851.8746511888, 287850.01510908164, 287854.02903265134, 287851.90056222945, 287850.69030274404, 288009.8715957633, 287937.6260765764, 287850.3921716929, 287851.4347516642, 287848.2768003238, 287947.30097938154, 287947.16009440925, 287853.1983808905, 287938.54422319855, 287923.68803233694, 287941.27288064035, 287948.90436638583, 287844.71959224646, 287856.72999794234, 287850.0983499642, 287848.38607443706, 287847.33000952593, 287853.1628695853, 287937.73311685305, 287852.94411589834, 287852.1323619484, 288016.7698607502, 287850.57166341017, 287917.2372287157, 287856.9059013155], "6": [287935.1159751075, 287880.0001085915, 287925.8111689053, 287933.4495486004, 287906.07873373636, 287907.33384336444, 287910.9353649403, 287915.7599222259, 287912.01974242466, 287907.2911560235, 287894.7297735994, 287924.6913808508, 287980.7358923266, 287904.99448091694, 287934.2011265918, 287915.60220260546, 287956.5691217945, 287907.9386357491, 287892.56653190363, 287972.64192515286, 287911.73519269633, 287913.06568587566, 287910.7034475662, 287916.2669583322, 287917.3419314205, 287880.5622033483, 287917.27493085706, 287910.1505190067, 287885.38756465894, 287934.43255154137, 287904.32727153134, 287923.8377429795, 287917.0194151537, 287930.2818680427, 287917.5894929196, 287920.24405115744, 287907.0664075886, 287905.0644629624, 288119.46419514815, 287934.53630429757, 287926.3434350044, 287910.1075211139, 287908.44582063705, 287907.9441932233, 287902.2544694072, 287907.89515832864, 287904.13237558404, 287905.1944205714, 287922.55814248876, 287928.36727220524], "7": [287997.5185976951, 288002.7409127488, 287945.30684180604, 287973.15971204865, 287977.107072294, 287993.6493978134, 287977.3694558066, 287985.8772511796, 287982.3857203347, 287996.37226227426, 288005.0273545725, 287983.393026049, 287988.00915009377, 287980.8136650391, 288022.173380349, 287987.19649875537, 287995.18904375547, 287945.51784152124, 287995.1581194633, 287972.627236159, 288010.07842523226, 287969.2838650383, 287980.46912222396, 287968.63035883434, 287994.414830375, 287987.8767893777, 287990.9139812105, 287993.5593508267, 287993.55569389334, 287998.8475532924, 287978.00604301615, 287997.2939086197, 288006.85774380836, 287987.12640415074, 287992.53389959043, 287987.19128842105, 287974.45738330646, 287971.4315507016, 287969.22080355644, 287999.4945132857, 287983.08055276127, 287989.04994604114, 288003.4427643011, 287994.3395074095, 287971.424299119, 287981.7723476488, 287986.1833491327, 287989.46639051323, 287976.20746381086, 287967.677239647], "8": [288047.6897373616, 288070.3272469042, 288057.2092483724, 288060.27511686704, 288054.286830089, 288063.322842121, 288058.40472189925, 288047.85629212536, 288057.4931905142, 288045.4892882402, 288049.27941527514, 288043.2232209402, 288058.94100619224, 288065.5756139968, 288082.3560524981, 288044.65283626656, 288052.7505908443, 288032.19021670846, 288049.60364826134, 288073.6244666937, 288052.2802922411, 288042.29767769366, 288055.3789418839, 288058.3491641504, 288045.78678057686, 288066.06325370516, 288055.4124383569, 288064.60911828966, 288037.3282683245, 288058.71700171963, 288057.19373165956, 288040.8478128585, 288054.65965274314, 288061.36367593973, 288065.20556212997, 288059.3449973626, 288055.39281641063, 288063.4676998098, 288050.41796414176, 288057.83374519745, 288059.19396925654, 288055.8119895777, 288068.2501693793, 288058.8699325278, 288049.027606166, 288044.3159945941, 288047.21440934204, 288055.4062950607, 288066.51886943885, 288074.78200587624]}