{"1": [185698.57293420963, 185698.57293420963, 185698.57293420963, 185698.57293420963, 185698.57293420963, 185698.57293420963, 185698.57293420963, 185698.57293420963, 185698.57293420963, 185698.57293420963, 185698.57293420963, 185698.57293420963, 185698.57293420963, 185698.57293420963, 185698.57293420963, 185698.57293420963, 185698.57293420963, 185698.57293420963, 185698.57293420963, 185698.57293420963, 185698.57293420963, 185698.57293420963, 185698.57293420963, 185698.57293420963, 185698.57293420963, 185698.57293420963, 185698.57293420963, 185698.57293420963, 185698.57293420963, 185698.57293420963, 185698.57293420963, 185698.57293420963, 185698.57293420963, 185698.57293420963, 185698.57293420963, 185698.57293420963, 185698.57293420963, 185698.57293420963, 185698.57293420963, 185698.57293420963, 185698.57293420963, 185698.57293420963, 185698.57293420963, 185698.57293420963, 185698.57293420963, 185698.57293420963, 185698.57293420963, 185698.57293420963, 185698.57293420963, 185698.57293420963], "2": [185747.86875255828, 185746.13885584113, 185612.82142345092, 185746.63421521964, 185612.7473950877, 185612.73276767763, 185612.79320868372, 185749.03181675798, 185747.24358560998, 185612.69803590592, 185612.76594223452, 185749.13243223928, 185612.96386209008, 185612.7580202011, 185612.75112280887, 185612.86923127424, 185747.22694552017, 185613.1668596794, 185612.82884383466, 185612.89829376843, 185745.04096560733, 185612.74179978785, 185612.7654251784, 185612.7767454671, 185612.87770420057, 185748.95277593035, 185747.50608086574, 185747.11468593564, 185748.51916404272, 185612.81855239975, 185612.73472342058, 185612.7693857036, 185612.74510691565, 185612.81821568997, 185612.84446317423, 185612.90633596398, 185612.8770218538, 185612.73755151196, 185612.78171662756, 185749.23946584208, 185746.47494920326, 185612.81252554763, 185748.54279472958, 185749.32174789536, 185747.3644841189, 185612.8697614264, 185612.80082565936, 185748.29809162143, 185612.8781007817, 185612.7838506982], "3": [185642.4442917587, 185670.3118126931, 185670.60578430523, 185642.18971051293, 185669.7406859372, 185669.59266656675, 185642.47232064436, 185642.7517280963, 185670.8206178559, 185642.76195299224, 185647.55626238955, 185642.10447351894, 185648.94953954106, 185642.58437672822, 185642.5297417921, 185670.69115908776, 185642.1009296947, 185642.53126716535, 185642.20979069662, 185642.66372036652, 185642.69463074204, 185670.60817829487, 185644.392503995, 185670.80304207405, 185642.0275226468, 185641.91889304863, 185643.0903648178, 185670.70213742138, 185670.6887456192, 185642.20569133494, 185642.4872189087, 185642.55139945835, 185644.78188973948, 185670.26271879277, 185670.2529026795, 185648.3760656262, 185642.50061087127, 185642.4695903407, 185642.50554864915, 185670.30063007283, 185642.34904505673, 185642.24800686436, 185670.93287893888, 185642.29428357593, 185642.23443521402, 185670.6773508195, 185642.54938145317, 185649.85182129257, 185648.6862288735, 185642.6090757264], "4": [185709.13768755534, 185682.8378223411, 185676.6580116229, 185761.4051697335, 185679.48724625362, 185686.80461204716, 185684.90091297438, 185684.2071432263, 185682.8572573827, 185685.62735847657, 185678.55535886405, 185689.93344756612, 185685.98874664365, 185689.11726375442, 185702.16388391872, 185704.44687531577, 185704.8685184062, 185685.7571837562, 185689.37254172063, 185685.91082903062, 185684.32315884635, 185709.1167580974, 185688.86125996138, 185701.36126570933, 185710.2736737274, 185681.81620691787, 185683.76386058048, 185682.76219002486, 185684.15207535948, 185688.13011985237, 185689.01553706883, 185704.3232322092, 185685.40230129112, 185679.87578376228, 185678.29619688305, 185705.68145245116, 185682.34637000485, 185708.325458, 185686.73406973958, 185686.79406740883, 185679.57681067352, 185683.80411955068, 185682.14094198495, 185685.47070730402, 185686.98409555224, 185683.72414833755, 185703.66551950717, 185690.2478663234, 185678.5093810187, 185705.41219052696], "5": [185757.63078484384, 185751.2703044717, 185740.78079474464, 185831.0314415343, 185743.74395544137, 185744.40099232653, 185774.4719113739, 185746.4648921749, 185741.86006153587, 185740.57872003067, 185749.95659639259, 185743.57669089935, 185745.3689019683, 185739.67244243788, 185749.84493183243, 185742.5201334598, 185743.45537417152, 185742.18501952055, 185748.38604639555, 185743.26659799324, 185739.53797463584, 185832.29735347928, 185749.1338605891, 185772.66087506755, 185744.80566370633, 185742.7194723954, 185793.24002232563, 185743.58890867, 185747.17762541247, 185738.3747692482, 185749.18327383554, 185737.4662746872, 185756.7414298907, 185743.16388893072, 185803.78946263588, 185739.45232614348, 185748.46032905058, 185743.2661880428, 185763.59654599847, 185747.29910909565, 185773.50394135682, 185738.65319253228, 185758.695391519, 185742.21385331725, 185740.58355856026, 185755.36202850155, 185752.56966422158, 185739.54991954588, 185757.83957319785, 185739.93911849553], "6": [185817.41222847547, 185825.8158394064, 185827.89941637008, 185812.6522090322, 185822.51157470627, 185818.0353305513, 185827.05803201481, 185821.9846571655, 185827.80969829613, 185807.12342538626, 185833.0705769981, 185823.1369375399, 185834.1497850364, 185837.04829775819, 185822.38050776, 185805.49622815743, 185831.46744549234, 185834.10446863977, 185815.8476382898, 185855.28817841754, 185809.40632422513, 185826.36566986778, 185821.10014072072, 185816.87013879896, 185812.66583243097, 185816.12076878146, 185816.0003891663, 185820.50193001347, 185830.23207806284, 185819.74003442668, 185818.8623925883, 185824.0825245772, 185839.29031562264, 185812.02710223472, 185823.2105827026, 185838.54436664886, 185822.95839735086, 185836.2010581692, 185819.9067974263, 185846.9068865922, 185821.77815970808, 185825.41423489194, 185802.65508369388, 185819.76727858064, 185820.35308691027, 185821.2641146062, 185821.65997378156, 185817.23052331212, 185818.1622917297, 185825.14617597288], "7": [185884.84207660114, 185897.033784566, 185892.72947550457, 185896.12019744972, 185903.1133588052, 185903.7927445091, 185883.87448520915, 185894.8604412549, 185888.72106038316, 185893.2998421829, 185896.0452509351, 185897.15174039008, 185906.63672332116, 185878.7744494706, 185893.76403249727, 185897.81084438268, 185903.6803325605, 185888.59675653942, 185884.41027754347, 185886.3895634054, 185900.16819126558, 185902.37520550154, 185883.02695186235, 185892.47168791597, 185892.53375868523, 185891.87171610844, 185889.5459469382, 185890.45457064055, 185894.80964716242, 185891.49398932664, 185894.07901722848, 185887.5635390025, 185890.4956026832, 185879.18924921818, 185886.52473942618, 185896.9263047957, 185892.28288998877, 185896.94740268562, 185894.4493617726, 185889.5968067953, 185891.65775005185, 185889.11767583643, 185899.5633104165, 185900.56727810652, 185894.11744057652, 185895.63250114478, 185890.073608905, 185898.15659382075, 185901.37739366773, 185896.63083935282], "8": [185966.8966240791, 185948.18419859762, 185960.79708851225, 185971.28236824495, 185952.56815336188, 185962.55060691392, 185976.37126458203, 185965.61642249452, 185967.4991049014, 185963.6399536187, 185946.9807406835, 185966.26391771465, 185973.3927612416, 185979.61447387803, 185967.77042761768, 185967.7796441087, 185961.02063396742, 185972.71901797113, 185961.01159508823, 185958.6849649116, 185964.2313938261, 185947.4331025398, 185962.90164250016, 185981.5667666561, 185974.388309001, 185952.34566992693, 185962.72955097907, 185961.1577216869, 185957.66345516377, 185956.90356468488, 185957.0866880832, 185970.65925697552, 185975.8551940154, 185975.63288868318, 185974.1579972366, 185957.6144055694, 185977.42298959167, 185972.49666837015, 185952.98141242808, 185963.4356412915, 185980.57894281394, 185966.01605040033, 185969.52882996004, 185962.8881358758, 185967.3175760688, 185965.2486069469, 185958.9439139103, 185965.750778938, 185956.53990954848, 185971.62639406606]}