{"1": [621542.7685963649, 621542.7685963649, 621542.7685963649, 621542.7685963649, 621542.7685963649, 621542.7685963649, 621542.7685963649, 621542.7685963649, 621542.7685963649, 621542.7685963649, 621542.7685963649, 621542.7685963649, 621542.7685963649, 621542.7685963649, 621542.7685963649, 621542.7685963649, 621542.7685963649, 621542.7685963649, 621542.7685963649, 621542.7685963649, 621542.7685963649, 621542.7685963649, 621542.7685963649, 621542.7685963649, 621542.7685963649, 621542.7685963649, 621542.7685963649, 621542.7685963649, 621542.7685963649, 621542.7685963649, 621542.7685963649, 621542.7685963649, 621542.7685963649, 621542.7685963649, 621542.7685963649, 621542.7685963649, 621542.7685963649, 621542.7685963649, 621542.7685963649, 621542.7685963649, 621542.7685963649, 621542.7685963649, 621542.7685963649, 621542.7685963649, 621542.7685963649, 621542.7685963649, 621542.7685963649, 621542.7685963649, 621542.7685963649, 621542.7685963649], "2": [618586.3231204018, 618586.261930308, 618586.7466569764, 618586.2099031054, 618586.3508220788, 618586.231296799, 618586.5352899156, 618586.4644799809, 618586.4523193885, 618586.5160111418, 618586.7125114226, 618586.3899646709, 618586.3508733521, 618586.6240624661, 620521.0495867976, 618586.7016813594, 618586.480493909, 620520.500904314, 618585.5606547771, 618586.7607902447, 618586.5071632626, 618586.3539458625, 618586.3589762769, 618586.2284136829, 618586.3081988664, 618586.2701462841, 618586.3278083301, 618586.2820380412, 618586.6414856811, 618586.2466917529, 618586.3843399367, 618586.3115467122, 618586.6043898334, 618586.6534431335, 618586.2360724622, 618586.5328644611, 618586.6807781355, 618586.2983728382, 618586.2411235371, 620521.7021229026, 618586.5647987705, 618586.4514715417, 618586.2159075809, 618586.7045922054, 618586.2150050647, 618586.5771148924, 618586.2939175762, 618586.487107976, 618586.2148412585, 618586.354552517], "3": [618454.5960710926, 618453.265808833, 618455.7880057225, 618454.5237910907, 618453.912779242, 618454.6832501962, 618454.0351110699, 618454.8985715712, 618454.0636043607, 618456.4587749531, 618456.3295852878, 618454.7304652, 618455.4805984913, 618454.2975451049, 618455.2839923421, 618453.9775405774, 618453.9190730278, 618456.0185366548, 618455.5282312338, 618456.0813628365, 618454.1459669541, 618455.3920916559, 618454.0312882367, 618455.3642201016, 618455.0921829098, 618457.6186592903, 618454.6115036746, 618453.503554717, 618454.6751236599, 618460.8117600353, 618454.7749021056, 618454.4031757878, 618456.8301777476, 618454.1826479286, 618459.8363750413, 618454.6147240873, 618454.8736145853, 618454.2639704167, 618453.5819567614, 618454.408108528, 618456.6456952689, 618457.2010309017, 618454.3147115587, 618453.6813800707, 618454.4705228598, 618460.8128129345, 618453.585686522, 618452.62256475, 618457.8167508042, 618455.5318378091], "4": [618589.2723429769, 618576.763907938, 618584.8553803716, 618582.1431187029, 618577.4370859148, 618506.269118984, 618581.6934632192, 618582.4042651722, 618482.8132020843, 618478.3526261622, 618572.7576628472, 618583.1059569941, 618476.2797215763, 618578.1837112502, 618504.6996862118, 618590.7407401154, 618492.6052221362, 618500.0703091267, 618570.0941789494, 618478.2528103772, 618587.9141051992, 618588.3391462434, 618483.3948488012, 618495.627235667, 618518.9362137833, 618580.3296995289, 618567.5053242786, 618592.7071921633, 618482.4208658299, 618475.0220407421, 618570.4378528235, 618479.9818461722, 618582.2378207905, 618577.4015641878, 618589.5212359347, 618522.0561830308, 618521.901267006, 618481.0802861198, 618574.0314093549, 618514.5807827675, 618591.7215042517, 618576.6628950145, 618522.904333877, 618496.533719385, 618591.4126958012, 618488.3664145622, 618481.0975979168, 618580.767508233, 618495.4469309038, 618584.696394223], "5": [618546.2869013442, 618655.6980902062, 618634.2938721225, 618632.6715289551, 618622.5634616173, 618650.9495191867, 618640.4065873747, 618639.4967449431, 618609.3965150546, 618608.0370076238, 618633.084975674, 618620.4179591782, 618655.9270390582, 618546.2744903442, 618659.1878689281, 618646.5138157519, 618641.6923041948, 618613.7289353103, 618643.0500566844, 618634.2583199713, 618632.7249153313, 618656.9880365325, 618619.9073794781, 618653.8906886035, 618627.4041194437, 618642.3278263272, 618641.5613743018, 618638.2602635312, 618657.5862123445, 618629.7754842994, 618660.4992584429, 618637.316251719, 618644.171199004, 618621.1015308884, 618657.4194989502, 618632.1464902231, 618610.8071825266, 618643.6757491323, 618644.8385451954, 618609.8923826076, 618646.1480643866, 618574.1607052883, 618628.8468139047, 618649.3515247657, 618561.4609172179, 618654.3754313068, 618633.7563257621, 618554.1749411209, 618642.419806224, 618648.9890010166], "6": [618616.7174519092, 618673.9735456276, 618574.3225307438, 618693.9942422115, 618709.426581303, 618541.3685427426, 618678.7935086613, 618701.424438669, 618692.6853200408, 618710.8951458358, 618577.2075183894, 618697.1826186359, 618644.6577743412, 618511.7678477953, 618707.4794714862, 618605.4778880937, 618704.580546019, 618712.303650262, 618690.8664456485, 618706.2698038998, 618542.0150215586, 618672.4267120159, 618692.2812110207, 618583.5679621823, 618683.7353131811, 618694.0189862542, 618545.6063273774, 618591.2965109107, 618584.1809999497, 618703.3211561834, 618668.5301241345, 618657.6726898911, 618716.0656691145, 618718.4945214159, 618701.6924480986, 618535.460247844, 618684.6998319627, 618597.9279721762, 618544.9558606733, 618695.5037598093, 618704.5072964624, 618687.1329348718, 618553.6575525126, 618583.8565343125, 618546.0013051153, 618671.2316332356, 618527.4154208106, 618679.9939300589, 618717.460666027, 618722.5773654839], "7": [618749.2610107366, 618720.9863486472, 618594.4725219707, 618611.4083413092, 618619.3141982126, 618639.2791521802, 618611.5720609193, 618765.9434889645, 618602.4047104932, 618603.886567358, 618743.9866908977, 618742.4093322975, 618598.4217706805, 618746.5518587349, 618615.5744681756, 618606.3001619992, 618601.0041433683, 618587.3100835172, 618737.4406295893, 618589.2126839951, 618760.1324525302, 618602.0660241228, 618674.9881024036, 618617.4195765454, 618613.7034256506, 618611.9019924955, 618749.6665202206, 618606.4895544498, 618733.800423398, 618759.5306148595, 618732.4842459538, 618700.3395662176, 618646.3196821478, 618597.2025082624, 618587.6182334847, 618749.2110722908, 618720.5006212505, 618630.0788654631, 618590.8411361782, 618725.2827948997, 618643.2728620347, 618613.3726466586, 618621.7244278844, 618744.8628277176, 618584.5541873784, 618589.5929110588, 618605.9497023697, 618751.0305346037, 618583.4568613459, 618744.7985390866], "8": [618673.8488698096, 618656.0163232813, 618661.7893973525, 618657.9068289901, 618830.512414533, 618783.298228034, 618657.4563115864, 618796.5574162797, 618830.94393724, 618831.4810803037, 618655.3007752737, 618688.6514262131, 618690.5143448019, 618692.4072935514, 618695.5527034275, 618657.5102784188, 618842.2656968992, 618695.1831286617, 618820.3900322301, 618687.035312475, 618779.6631693252, 618684.4644008637, 618806.0861339396, 618773.3722706717, 618700.9138055575, 618628.5862386858, 618806.3663738816, 618831.6191609832, 618686.5263364469, 618665.9187816348, 618672.0096254396, 618830.6284107275, 618659.8425389264, 618656.0960628942, 618814.8744272211, 618657.599532866, 618659.9878070799, 618666.3514372265, 618804.4314092591, 618691.4651577527, 618812.3562841626, 618806.5568069986, 618712.0804623092, 618830.7590748616, 618807.7816126172, 618663.048651926, 618667.2974921783, 618687.0801896706, 618674.8354399849, 618670.5448196712]}