{"1": [191700.93187298186, 191700.93187298186, 191700.93187298186, 191700.93187298186, 191700.93187298186, 191700.93187298186, 191700.93187298186, 191700.93187298186, 191700.93187298186, 191700.93187298186, 191700.93187298186, 191700.93187298186, 191700.93187298186, 191700.93187298186, 191700.93187298186, 191700.93187298186, 191700.93187298186, 191700.93187298186, 191700.93187298186, 191700.93187298186, 191700.93187298186, 191700.93187298186, 191700.93187298186, 191700.93187298186, 191700.93187298186, 191700.93187298186, 191700.93187298186, 191700.93187298186, 191700.93187298186, 191700.93187298186, 191700.93187298186, 191700.93187298186, 191700.93187298186, 191700.93187298186, 191700.93187298186, 191700.93187298186, 191700.93187298186, 191700.93187298186, 191700.93187298186, 191700.93187298186, 191700.93187298186, 191700.93187298186, 191700.93187298186, 191700.93187298186, 191700.93187298186, 191700.93187298186, 191700.93187298186, 191700.93187298186, 191700.93187298186, 191700.93187298186], "2": [191668.3359165259, 191671.84064340824, 191665.47175120283, 191666.6580434371, 191665.75399294353, 191665.63106453826, 191665.66090176167, 191665.02699847956, 191666.84388727136, 191666.32154815964, 191669.88544733942, 191666.6906413148, 191667.18562269816, 191669.26413938595, 191668.89447682555, 191673.8463125183, 191668.57992264957, 191668.15149949398, 191666.37480364792, 191680.0692891815, 191667.71256914228, 191667.6871133127, 191666.6580434371, 191665.6420037591, 191668.46315051074, 191668.8358316839, 191668.57791810046, 191666.59434844877, 191665.42916181832, 191666.84388727136, 191665.42916181832, 191666.6621480963, 191665.30110818174, 191664.9900032593, 191666.84388727136, 191667.6927618328, 191666.19916789248, 191665.48270885588, 191671.9788014267, 191672.1971815501, 191666.6161446725, 191666.0876729375, 191665.6527220931, 191665.4489155274, 191666.4253777434, 191665.39776629076, 191666.922251462, 191666.84813075297, 191666.8114960033, 191666.84388727136], "3": [191568.83056859788, 191568.76347153832, 191559.19588822487, 191558.93539732334, 191553.95524084632, 191568.64096675825, 191559.49279999937, 191568.18969551998, 191568.61737691512, 191568.75621856193, 191568.83878948374, 191568.70335612784, 191568.49469363556, 191568.57093622116, 191568.45332727517, 191568.40371288217, 191552.4375531628, 191568.7124565576, 191553.38509422736, 191556.78587225467, 191568.58884442836, 191550.94515185838, 191568.6789338473, 191567.55391401175, 191565.73697810358, 191549.96720468852, 191568.5746038543, 191552.28649506398, 191568.6369443268, 191568.5907363688, 191570.2742750703, 191567.6167895859, 191568.6142917247, 191555.5668551404, 191558.95779563993, 191568.62747079047, 191568.7764918374, 191553.11194752262, 191568.11672176077, 191553.2962180882, 191550.75025112453, 191548.04360563756, 191568.6625917758, 191568.00498270825, 191548.13561900493, 191558.9033982029, 191560.24500551517, 191568.69095944444, 191568.78404597065, 191560.54335463158], "4": [191564.4650793557, 191550.19416236598, 191550.27674428746, 191549.35926847134, 191556.68647951353, 191554.94343741317, 191560.62752811902, 191562.69801218982, 191549.01203042537, 191568.50457255763, 191563.13293670723, 191562.66317602745, 191548.75293425412, 191548.61826144112, 191548.2132994629, 191555.8760788702, 191547.95153362892, 191553.03172209457, 191548.54518821964, 191553.53792740725, 191599.47406392207, 191546.05336913827, 191557.75618695896, 191555.90429674138, 191569.27842878073, 191558.7596011951, 191547.22162728605, 191557.29444279912, 191559.22234582255, 191548.6596395562, 191549.09923251095, 191547.74080634819, 191548.0656802219, 191564.85729811777, 191549.46424171975, 191596.89132786443, 191549.38577433955, 191549.1955162851, 191551.18518521864, 191549.41962279484, 191619.12626984186, 191555.89259046526, 191551.58196380967, 191549.99262643617, 191560.90799062498, 191632.25683390032, 191549.9082930492, 191548.51214505633, 191574.11688155885, 191548.12182480068], "5": [191599.99605689922, 191593.0015195842, 191601.46607636672, 191591.91362987747, 191589.91297362992, 191620.15650048593, 191616.97939343858, 191593.12757697992, 191593.21205923197, 191599.08599281483, 191598.7771940116, 191592.565415576, 191597.4527301613, 191603.8625210928, 191596.89381627765, 191591.26224897083, 191593.56335861544, 191590.05634276333, 191597.98572307636, 191599.10719395356, 191606.4107666041, 191588.53999021646, 191591.63164645157, 191617.25781940916, 191620.13738206227, 191601.422178302, 191615.12343104722, 191594.28523834725, 191618.27021277478, 191619.0750966093, 191598.19532490484, 191598.0736390691, 191597.30119203223, 191612.76902828223, 191598.1402658349, 191593.46820707497, 191592.36712353828, 191588.9381677202, 191603.6711917699, 191614.67888143734, 191592.484329882, 191603.64475170235, 191596.53214926374, 191597.40612401703, 191596.09965960044, 191606.8660734466, 191609.19571721935, 191618.56068280482, 191616.23096270612, 191595.66891518034], "6": [191672.55345166379, 191659.46414894194, 191664.92129871823, 191665.8543668247, 191676.86449872798, 191666.2955050014, 191654.78549756427, 191654.38946924297, 191664.53195080467, 191662.51789880163, 191665.18201304824, 191666.6314960403, 191661.0767349384, 191653.31619057906, 191651.44819336606, 191677.7861470223, 191658.94744333415, 191673.36066575753, 191654.08093218578, 191663.06918656084, 191659.527058521, 191667.19562047572, 191659.20356875865, 191652.87440791132, 191661.3847433537, 191652.90008098527, 191660.63347662336, 191656.4017790448, 191668.9546320716, 191664.91369233944, 191649.93717905562, 191652.92943960612, 191659.00772611363, 191658.6475043249, 191682.12066377798, 191654.99184037175, 191661.4396374971, 191659.73159404148, 191661.0214165035, 191647.43331312676, 191663.73818596997, 191670.98441684546, 191692.4394985268, 191660.5091303898, 191663.25154998692, 191669.77150971311, 191646.1633591566, 191662.17228318195, 191653.66118474447, 191662.46770686778], "7": [191730.59498622306, 191727.61261122345, 191707.5695257363, 191734.64399923195, 191742.39475350105, 191739.57786352752, 191726.06362198654, 191692.3902568198, 191716.75339228698, 191743.05370525565, 191725.9342808662, 191714.99175606645, 191714.01220933942, 191690.5426047449, 191730.26136432603, 191715.74743432653, 191716.87276621937, 191730.23776355275, 191717.01898146028, 191726.11030278978, 191739.3443983764, 191728.49873777333, 191730.56707920044, 191726.20522551928, 191712.5705741235, 191727.87953951562, 191722.5816088605, 191739.3489465169, 191720.24488061675, 191722.9337357928, 191728.78793163472, 191727.93350184007, 191730.6607707302, 191751.32179479525, 191730.15695302348, 191727.343515152, 191728.28196419214, 191720.93533818595, 191726.572988552, 191740.36529060427, 191729.22503205502, 191726.86606191206, 191746.1844519045, 191731.01439934294, 191733.49968190506, 191731.5904554753, 191729.58173135875, 191724.9408320534, 191726.30669504128, 191728.18574870875], "8": [191780.6066771383, 191804.1069141412, 191769.2290312082, 191776.70402100825, 191784.7185449251, 191783.59926510556, 191779.60627335333, 191789.15580909533, 191805.99069368688, 191795.3953865561, 191785.43872739424, 191802.3214163946, 191788.5358145123, 191799.5880823214, 191779.29176108757, 191769.92183032632, 191788.2130668105, 191804.63668852553, 191799.9157451454, 191810.6382634219, 191801.56085647712, 191807.7243902664, 191788.6850614173, 191801.49387984985, 191801.66686528592, 191799.02336327854, 191809.96569950617, 191788.19257203108, 191800.77155043912, 191779.38690349174, 191785.51969335607, 191779.168119237, 191818.5831056837, 191781.61994214496, 191807.87428492022, 191791.20967566787, 191794.98869048047, 191781.08644069202, 191797.00517307804, 191800.3903127449, 191758.12005138065, 191772.58776972385, 191791.46509956813, 191810.09098280763, 191784.7956717807, 191770.12314584048, 191796.58674960112, 191809.06108046367, 191809.41283996272, 191765.71298434515]}