{"1": [219237.7167922051, 219237.7167922051, 219237.7167922051, 219237.7167922051, 219237.7167922051, 219237.7167922051, 219237.7167922051, 219237.7167922051, 219237.7167922051, 219237.7167922051, 219237.7167922051, 219237.7167922051, 219237.7167922051, 219237.7167922051, 219237.7167922051, 219237.7167922051, 219237.7167922051, 219237.7167922051, 219237.7167922051, 219237.7167922051, 219237.7167922051, 219237.7167922051, 219237.7167922051, 219237.7167922051, 219237.7167922051, 219237.7167922051, 219237.7167922051, 219237.7167922051, 219237.7167922051, 219237.7167922051, 219237.7167922051, 219237.7167922051, 219237.7167922051, 219237.7167922051, 219237.7167922051, 219237.7167922051, 219237.7167922051, 219237.7167922051, 219237.7167922051, 219237.7167922051, 219237.7167922051, 219237.7167922051, 219237.7167922051, 219237.7167922051, 219237.7167922051, 219237.7167922051, 219237.7167922051, 219237.7167922051, 219237.7167922051, 219237.7167922051], "2": [218959.92085519215, 218959.62675132477, 218962.56687580884, 218959.68874994208, 218961.55526746516, 218959.87599733143, 218961.4555086798, 218962.59928469025, 218960.36159756794, 218962.3332931407, 218961.3271322334, 218960.5499374303, 218962.10187478928, 218962.0479288665, 218962.03594967353, 218962.1662942548, 218960.3422264253, 218959.9699519961, 218962.78558416138, 218962.44440946446, 218962.2233968093, 218962.8872035489, 218959.39377987367, 218961.99286948185, 218962.27786054558, 218959.68874994208, 218962.26346469353, 218962.04527775434, 218962.51965275555, 218962.07749087788, 218961.62946419977, 218961.87330792597, 218962.1662942548, 218959.80008341908, 218962.19335523053, 218962.30566443419, 218961.9771555387, 218962.17206282416, 218962.40360216558, 218961.5747732228, 218962.70600560147, 218962.35621352823, 218961.4175942999, 218962.26346469353, 218962.85585042965, 218962.05348715102, 218956.48391184935, 218962.63375785216, 218962.47190204207, 218961.3271322334], "3": [218688.65193499022, 218912.49136244695, 218910.69353074025, 218689.74237745407, 218913.64791273556, 218910.5289973401, 218910.48869102626, 218912.3479270667, 218911.88528875046, 218911.16704365282, 218912.7375644379, 218913.99849002858, 218911.12695370923, 218910.64672107555, 218913.31083740623, 218910.65353011628, 218912.42196423325, 218910.674145881, 218911.61649938757, 218689.5099077424, 218911.31993872856, 218911.29873123937, 218688.53354471704, 218910.63281363904, 218910.78132308045, 218912.27604759528, 218910.75270839725, 218911.01631495668, 218913.47157846883, 218910.3816920794, 218910.57898039345, 218910.51390553333, 218911.70089951853, 218910.6427203983, 218691.02489012547, 218911.98707960246, 218910.5666333593, 218910.54340843394, 218688.70761886894, 218910.52500046164, 218911.4962292304, 218910.46378047692, 218690.33584453462, 218689.34589967056, 218911.08854396394, 218688.84544079544, 218688.52384301322, 218910.54056015392, 218911.78976527325, 218689.54191879003], "4": [218665.39069845492, 218667.2507476735, 218674.6881813909, 218661.53326008446, 218660.3804084682, 218666.46055893291, 218665.85322963362, 218662.14722758767, 218661.51934474177, 218660.13056721966, 218667.1658714792, 218665.62874963006, 218660.87190511965, 218696.37968165876, 218666.51573145128, 218665.94297290675, 218789.2785169448, 218660.97757055727, 218665.48608383228, 218660.11925460695, 218661.94074869686, 218661.8770511378, 218665.71145150415, 218685.40456603726, 218661.36461485655, 218665.56879850233, 218661.8253395115, 218661.3576880678, 218660.67970029713, 218665.66351773252, 218669.09071209264, 218661.8743850416, 218661.77755113598, 218657.37387783593, 218660.7065697751, 218660.39363354543, 218665.17000798098, 218667.4689710766, 218667.0466525793, 218660.7153691448, 218665.553673678, 218660.61084107996, 218668.38156368484, 218661.27240525448, 218662.0738653263, 218661.27351197123, 218665.62071551965, 218667.27844710258, 218660.52522461966, 218665.38257303427], "5": [218668.5049751578, 218667.83498398628, 218670.50642332778, 218657.79154205223, 218654.8088963621, 218653.42323907447, 218665.6311621379, 218653.79710791574, 218670.301896552, 218704.8661161696, 218710.2469817189, 218670.31901445726, 218696.71791577086, 218702.96169928406, 218663.5205794123, 218665.64649243306, 218696.46309663108, 218669.79054785048, 218670.36139622686, 218667.8459634693, 218672.11197115202, 218664.716845404, 218667.10987831914, 218660.89027037463, 218703.3576861773, 218701.99827648664, 218662.0261400334, 218661.25723636214, 218660.09912166075, 218664.067846887, 218664.48145726533, 218653.71185776065, 218672.8369242359, 218670.37772981432, 218672.38132786495, 218671.22257448937, 218702.1278182871, 218664.55445067913, 218651.47594367576, 218653.49454612454, 218651.7343305437, 218702.650083903, 218654.35990147578, 218665.142251512, 218712.10149060888, 218669.79289611243, 218658.04725375067, 218664.8345916532, 218654.03261632932, 218668.738423577], "6": [218732.2734562493, 218719.3181653066, 218725.4888220028, 218717.36242214244, 218733.0858309296, 218734.93150893808, 218732.06486332914, 218729.13063868484, 218733.20533730494, 218732.15019690042, 218708.0517068052, 218742.4228555522, 218731.84621449138, 218733.83676816578, 218729.63586918035, 218733.31616600003, 218728.64400139995, 218723.5198796571, 218732.48323050517, 218738.5660921687, 218719.9471441116, 218706.9468309294, 218727.30390325518, 218748.8550435372, 218731.02028376883, 218726.17618981257, 218733.90425374944, 218731.94591479076, 218741.06671671823, 218754.0315121279, 218726.41461926055, 218733.74548882627, 218723.75642325048, 218734.95631668254, 218722.87277528935, 218744.0729966937, 218713.42476653898, 218726.30480257605, 218733.75480145772, 218730.05933667507, 218732.20407399043, 218724.02937028554, 218737.23021100616, 218707.01445637995, 218728.68823309024, 218730.67230568756, 218721.13371397814, 218715.27387289217, 218727.43188576293, 218741.3699465931], "7": [218812.8137116333, 218787.53143650296, 218775.29539606965, 218783.15089764536, 218804.5614515137, 218788.76708801833, 218810.353902491, 218791.29850217703, 218800.6979976196, 218797.55609029857, 218812.13996099823, 218775.1688462436, 218806.342562318, 218781.07270676392, 218783.1372330837, 218805.71410010135, 218800.7629308326, 218782.70086913992, 218792.18429693897, 218794.04819878304, 218804.87894447663, 218803.12146442474, 218793.3407249322, 218797.60234972884, 218820.93217048756, 218769.26655795219, 218778.4846116842, 218808.07644756816, 218797.14672898, 218788.42195440244, 218792.2609813759, 218786.93831015364, 218794.1337332142, 218814.27400280742, 218784.92124876045, 218784.52304005326, 218780.8757069523, 218780.14900548206, 218784.8303711444, 218792.75725932716, 218799.40197909638, 218802.767578766, 218783.9501730482, 218793.14918308894, 218779.52671396435, 218792.78569138623, 218807.22105810567, 218794.95040202417, 218788.91290788434, 218801.1066694402], "8": [218882.42273922134, 218872.84693520548, 218864.84901876884, 218855.00126102372, 218874.10303463304, 218863.89243969243, 218884.9156285215, 218889.4109962921, 218863.13884411842, 218855.00683900074, 218868.27199044538, 218875.82521842106, 218855.75053094618, 218868.5140727941, 218865.02790879333, 218885.01235866378, 218889.65336169544, 218879.9338517346, 218860.2909879986, 218881.24230259718, 218855.25633675224, 218855.33291177606, 218868.7982509579, 218866.95122532183, 218848.85264361545, 218883.1384200507, 218856.79335880987, 218864.85140412845, 218870.2020176696, 218860.49244389398, 218877.46989500595, 218894.94723675435, 218857.5247395798, 218879.80014534525, 218868.9480286433, 218865.97238917468, 218862.09218964746, 218864.06794479475, 218865.4281442307, 218862.00214563077, 218878.03199071737, 218863.86277545436, 218862.7057192483, 218868.9471904992, 218861.3390179123, 218871.35861869136, 218842.06965534712, 218862.78047003422, 218874.86795635792, 218878.6888302096]}