{"1": [132609.7689691879, 132609.7689691879, 132609.7689691879, 132609.7689691879, 132609.7689691879, 132609.7689691879, 132609.7689691879, 132609.7689691879, 132609.7689691879, 132609.7689691879, 132609.7689691879, 132609.7689691879, 132609.7689691879, 132609.7689691879, 132609.7689691879, 132609.7689691879, 132609.7689691879, 132609.7689691879, 132609.7689691879, 132609.7689691879, 132609.7689691879, 132609.7689691879, 132609.7689691879, 132609.7689691879, 132609.7689691879, 132609.7689691879, 132609.7689691879, 132609.7689691879, 132609.7689691879, 132609.7689691879, 132609.7689691879, 132609.7689691879, 132609.7689691879, 132609.7689691879, 132609.7689691879, 132609.7689691879, 132609.7689691879, 132609.7689691879, 132609.7689691879, 132609.7689691879, 132609.7689691879, 132609.7689691879, 132609.7689691879, 132609.7689691879, 132609.7689691879, 132609.7689691879, 132609.7689691879, 132609.7689691879, 132609.7689691879, 132609.7689691879], "2": [132473.69798594006, 132538.40470249925, 132538.40851843517, 132538.36783235616, 132538.30192285826, 132538.34470341323, 132538.39609775718, 132538.35191134765, 132538.32061162774, 132538.32927667387, 132468.98490353732, 132538.39583859855, 132538.41715588677, 132538.3061489832, 132473.49127121616, 132538.33299794828, 132538.30916163136, 132538.33142946064, 132538.4172625445, 132538.32927667387, 132538.40718223134, 132471.3444344436, 132538.3424273045, 132471.90793044868, 132475.58907099915, 132538.39566406494, 132538.30475637643, 132476.51593209873, 132479.44486003017, 132538.4128236505, 132538.35652399933, 132538.41440755923, 132474.29668212886, 132538.31711529763, 132538.3721949125, 132480.8842819068, 132538.39731764395, 132538.40056293752, 132538.30916163136, 132480.71036977487, 132538.30916163136, 132538.39962506338, 132538.31906241048, 132538.35652399933, 132538.38487091655, 132538.38107513255, 132538.33027924973, 132538.34365455943, 132538.35435247593, 132538.3400966029], "3": [132413.30812070682, 132385.43211452462, 132415.4672028156, 132384.25544477385, 132415.52677813935, 132415.5197086597, 132413.67364298904, 132415.42843198715, 132415.56702200984, 132416.0943918599, 132415.5068767549, 132415.02947851838, 132415.5494268253, 132416.24264794213, 132415.62444301244, 132415.444937091, 132416.11747291838, 132415.60183907134, 132416.55484988508, 132415.50397326055, 132385.2642641223, 132415.75805905645, 132413.4345104519, 132416.02213159038, 132415.70668577767, 132416.05049543828, 132418.53383134902, 132416.70667931446, 132415.2974729652, 132415.62168459492, 132417.9981571315, 132416.53840561383, 132415.4638551493, 132415.11312028224, 132415.44990321776, 132416.44981927308, 132384.8123560636, 132309.3772734918, 132416.01225536634, 132415.4578553721, 132416.59276328838, 132415.07061604524, 132416.84501350982, 132415.55094520698, 132414.85804888044, 132415.7382158549, 132415.25875498293, 132415.3785105323, 132415.5931419922, 132383.789285918], "4": [132321.14042915558, 132321.0108121194, 132334.76933835208, 132320.98569316202, 132321.42232849853, 132320.99056793173, 132406.41473741355, 132336.62752105843, 132335.3427529137, 132421.726218054, 132321.22586522627, 132327.19697109354, 132321.73256079765, 132320.95220912446, 132328.8086078508, 132321.0606521419, 132321.04993603425, 132321.37981691497, 132321.48426853516, 132329.8662474171, 132320.72224193387, 132321.06773950343, 132320.90813679612, 132321.42808064463, 132320.83961540548, 132332.37360887986, 132328.45272692555, 132321.16105529366, 132321.17630285677, 132321.769946675, 132320.9228286555, 132321.31248385573, 132327.40062311784, 132321.01849699105, 132327.05774070256, 132321.55759940422, 132327.98965662712, 132320.89512296987, 132408.8624519605, 132321.1332522742, 132321.1444615847, 132321.58514656493, 132320.3916240758, 132321.47235954588, 132321.77298273135, 132331.32522497128, 132321.1016423981, 132320.9565932649, 132321.11490226103, 132330.5218493421], "5": [132368.46318431705, 132393.53078198066, 132368.04171073876, 132368.97603076114, 132384.52785158585, 132371.12594909963, 132369.21416100438, 132380.53327912526, 132385.172554389, 132377.15227911778, 132420.8231735574, 132366.20234656174, 132391.65123652978, 132367.8114956759, 132391.08282232468, 132396.98735699538, 132369.36484260633, 132424.41191235054, 132391.22759255872, 132369.49922035172, 132379.37412664175, 132369.11873669203, 132367.3447607927, 132381.25060385503, 132371.24634796698, 132368.7786548746, 132374.59824470972, 132366.21970560338, 132388.0656636573, 132393.25734159802, 132368.4902069891, 132379.21407030642, 132387.47222021795, 132384.73126357808, 132383.85837227726, 132379.3249000374, 132368.42287625108, 132378.47830901307, 132368.65689057784, 132414.0016363735, 132371.98115759736, 132366.75789483782, 132369.954154296, 132368.1127287568, 132368.79172015228, 132367.57320514592, 132415.36990215545, 132375.52136142328, 132368.0634834926, 132367.7923002088], "6": [132428.4632472614, 132436.28302119437, 132435.56853874822, 132465.2266538598, 132435.17965208794, 132420.769934852, 132433.94567930055, 132426.466358198, 132435.10843692932, 132434.89861350638, 132442.79779040505, 132427.51088076094, 132444.58952712078, 132424.92610140058, 132441.48644029527, 132419.0240008481, 132441.5215294326, 132448.34200224635, 132432.17910708554, 132424.01921639728, 132445.64364785448, 132420.28712215953, 132427.05877754753, 132434.31206381964, 132435.10033351864, 132428.20693708872, 132447.40601936006, 132432.3127193421, 132435.92899554205, 132436.12584512212, 132428.4024205211, 132435.98977477168, 132426.4067587986, 132456.04809718326, 132418.95244042805, 132444.09794281554, 132434.75006609497, 132439.94768049952, 132429.64773645584, 132438.02951470824, 132425.93064176608, 132440.75263607266, 132439.50044485868, 132435.9144845923, 132436.31306142412, 132435.17883494202, 132427.3526596625, 132432.48677743887, 132442.66225218045, 132436.5050529781], "7": [132485.77923426314, 132490.54283008107, 132476.93653894358, 132504.9791543247, 132500.03379336395, 132496.87281383103, 132491.42551249845, 132504.72304452627, 132513.57214088226, 132493.44434103474, 132499.39632386446, 132494.76987706468, 132502.52237741213, 132486.26700553586, 132489.58874330024, 132475.68996568557, 132501.04495943603, 132494.42164854432, 132492.0116881685, 132472.0516582383, 132500.44910737267, 132483.77010216942, 132499.4074381934, 132485.14877851307, 132472.54778663, 132502.68273700477, 132492.30358873337, 132499.43189761447, 132503.12666219752, 132477.6659595641, 132487.88834731275, 132474.98343614303, 132510.23507390346, 132483.07729789428, 132506.9792761413, 132548.35141319485, 132506.65185427605, 132472.01302732722, 132489.6693257314, 132487.3945991089, 132483.01527664947, 132503.2255241629, 132478.40107220993, 132490.80659298092, 132502.56447934842, 132496.39636976426, 132500.87181992628, 132482.74914936215, 132485.59488463137, 132487.78997309855], "8": [132554.42262091016, 132567.00648263947, 132554.9331589411, 132550.31971571283, 132553.2341063978, 132555.90859081497, 132543.86150082288, 132561.25456851616, 132545.90409347558, 132559.2663625157, 132555.10790014357, 132560.91767952914, 132538.63412192062, 132555.09315612185, 132557.36966353987, 132554.8909462015, 132542.24685279423, 132565.85613539245, 132563.1024553877, 132550.88179750118, 132556.2656524877, 132545.86593140516, 132549.907431742, 132561.62625576794, 132574.82494664143, 132547.77897157444, 132562.47300893915, 132556.44305183837, 132555.84155712812, 132541.2343009039, 132561.72100928426, 132556.3189796608, 132556.59810657537, 132539.9684044869, 132576.0956756663, 132553.7774451066, 132543.64089431538, 132561.88815509272, 132577.49738099636, 132537.74458266486, 132571.31073190577, 132556.09395486605, 132564.64447785376, 132556.23293697822, 132545.59599821136, 132556.84967490053, 132550.55970628303, 132565.42750702426, 132548.11496963602, 132547.0139795479]}