{"1": [472257.548134877, 472257.548134877, 472257.548134877, 472257.548134877, 472257.548134877, 472257.548134877, 472257.548134877, 472257.548134877, 472257.548134877, 472257.548134877, 472257.548134877, 472257.548134877, 472257.548134877, 472257.548134877, 472257.548134877, 472257.548134877, 472257.548134877, 472257.548134877, 472257.548134877, 472257.548134877, 472257.548134877, 472257.548134877, 472257.548134877, 472257.548134877, 472257.548134877, 472257.548134877, 472257.548134877, 472257.548134877, 472257.548134877, 472257.548134877, 472257.548134877, 472257.548134877, 472257.548134877, 472257.548134877, 472257.548134877, 472257.548134877, 472257.548134877, 472257.548134877, 472257.548134877, 472257.548134877, 472257.548134877, 472257.548134877, 472257.548134877, 472257.548134877, 472257.548134877, 472257.548134877, 472257.548134877, 472257.548134877, 472257.548134877, 472257.548134877], "2": [471769.9023358246, 471769.5057461504, 471156.0520987654, 471844.946884551, 471844.8210165452, 471843.23761257296, 471156.1444043934, 471156.0966954859, 471849.529737717, 471848.99005309015, 471770.0777291263, 471770.4238414642, 471769.76711812743, 471156.06259298685, 471770.22453330737, 471156.0488459506, 471769.2800298791, 471843.0830626124, 471770.42507013894, 471849.5290219766, 471849.3343401046, 471770.57170126267, 471770.1579508243, 471770.4984486392, 471849.16430168814, 471770.3536979723, 471770.4355573752, 471155.82865980966, 471770.53020556516, 471155.9427985711, 471770.6456539774, 471155.98140876775, 471847.4016353566, 471155.97679224174, 471155.97487938235, 471770.46936372994, 471770.60121041466, 471156.0305339831, 471849.08224738657, 471770.14387641626, 471849.186096244, 471156.2335809461, 471155.986814757, 471848.80615964724, 471770.41639598366, 471770.3422183618, 471155.87153448036, 471846.8808965761, 471769.8678948623, 471846.9656763399], "3": [471022.0040096834, 471017.4229921581, 471017.52731348685, 471021.7430479805, 471018.6025533506, 471017.9225388686, 471125.1596497964, 471016.043404814, 471016.7552693796, 471017.3555699082, 471017.6856681375, 471020.0046738025, 471017.79686043004, 471016.4459440938, 471017.613607051, 471045.6786880421, 471018.17366732063, 471016.4959173139, 471016.934569788, 471018.5202982967, 471019.2852823745, 471020.33569018566, 471065.52921186737, 471018.19644477114, 471018.19728371105, 471016.96380636434, 471017.13897366344, 471092.76122833096, 471017.9694436117, 471018.96383496997, 471015.05615723337, 471017.07577559026, 471017.58201073157, 471030.8194964492, 471029.61428559327, 471021.82491857815, 471037.75850454805, 471018.7329297674, 471017.23554403294, 471018.33179300395, 471036.82385631744, 471015.5364320837, 471019.9352279845, 471015.56563707266, 471019.8517622078, 471017.4156313661, 471043.93938959343, 471040.81232116173, 471017.4020360613, 471016.49996561627], "4": [470974.4020309531, 470784.4638318248, 470807.3811546435, 470778.0547912698, 470809.7530169756, 470778.7190891788, 470971.5893919759, 470812.3559380475, 470843.9633314225, 470778.7967858329, 470976.0375791963, 470779.05496363074, 470810.3847619805, 470970.6880600108, 470780.36318142235, 470952.0904765661, 470778.95309354446, 470779.1874353793, 470778.9671248719, 470780.33290451905, 470779.5811031683, 470780.27270789945, 470969.2610063002, 470977.00966779643, 470947.76114627754, 470819.06872597744, 470969.9242592112, 470771.1636498048, 470778.1094840632, 470779.00327497924, 470966.16997465014, 470778.95471355226, 470778.6230855365, 470807.3138974189, 470777.70601854793, 470777.35243132064, 470966.99831380195, 470818.3340458151, 470777.7599814886, 470779.2088990718, 470781.49247997464, 470960.0114950225, 470779.1548425915, 470779.5792540151, 470976.40291405603, 470850.6854698203, 470769.41035545175, 470819.1249531069, 470816.6316563232, 470834.2242626696], "5": [470720.7597214371, 470702.928183752, 470720.4050646381, 470719.96139031457, 470703.3595269898, 470710.9345600914, 470722.02035425126, 470695.85083443974, 470707.84319120634, 470705.6208983698, 470794.9332106541, 470706.35852007254, 470743.7887580544, 470751.3074527207, 470721.37331356714, 470761.50684089627, 470791.1655814491, 470924.25799550035, 470715.7188116262, 470823.4373989123, 470719.5791689211, 470709.8271245512, 470707.14439552126, 470704.7013674373, 470711.43756581005, 470709.14589695097, 470718.95495300204, 470710.3436905148, 470714.43274556333, 470704.23971460597, 470709.2568548554, 470711.5059921455, 470728.3191313613, 470820.8035173969, 470719.5580375716, 470720.28521592985, 470706.31649383623, 470714.58686035615, 470712.8776693242, 470707.09206114354, 470715.2135382555, 470709.3682866896, 470716.9351341747, 471044.0629653664, 470714.0387369591, 470720.4123935342, 470748.61796758, 470718.2318117728, 470720.08527691604, 470773.3840907775], "6": [470773.3984461215, 470747.8331955196, 470743.52579455223, 470826.0556851341, 470760.75881479686, 470749.20577367884, 470752.413216346, 470783.1736128276, 470760.7997657076, 470743.28025208105, 470741.1896084712, 470746.1337117903, 470763.6045213571, 470750.1744311756, 470811.42936267046, 470761.0485542768, 470740.8603371445, 470771.0323463236, 470750.7245827029, 470737.5916678005, 470746.2030724145, 470755.6097863919, 470739.16395867843, 470768.9664230562, 470757.5971007258, 470756.35012675956, 470800.9859504081, 470749.4938605083, 470774.66573956684, 470776.1291792485, 470735.778568295, 470712.1310008418, 470779.78614117374, 470760.8364491694, 470885.65388556605, 470763.5555207148, 470764.17630480864, 470715.6509576233, 470824.7588584144, 470747.5692777999, 470779.2628053719, 470909.54410807026, 470758.71177455375, 470774.1111927888, 470742.403755192, 470747.7688741438, 470732.9817712508, 470720.6185873041, 470749.56877173966, 470755.83543941326], "7": [470869.4776024315, 470785.05928016006, 470857.93994909234, 470832.3735963341, 470800.78592952195, 470855.8515054964, 470800.2661185804, 470791.7836146961, 470801.04955346306, 470798.44784174114, 470800.2451780799, 470776.2010299175, 470844.34173750115, 470816.83027065307, 470812.86113904143, 470796.30857891374, 470786.8946380162, 470765.2008876686, 470821.30208967585, 470755.1483307429, 470813.181282179, 470804.70882879087, 470803.79533411405, 470843.337476673, 470810.63850253314, 470847.7438546611, 470775.8097576471, 470783.5969183093, 470822.35482113523, 470828.7063429325, 470807.2508210201, 470817.0262962167, 470750.04934496206, 470880.84901966486, 470856.2887780383, 470803.18435858213, 470821.10837194807, 470800.5107519569, 470864.67163170525, 470799.7474627514, 470836.8789877367, 470819.04856112704, 470761.7476089252, 470825.2562330139, 470787.8611703927, 470780.0682134683, 470785.6959068893, 470831.839791128, 470893.05831991945, 470820.9514473554], "8": [470886.2305895708, 470885.1259733539, 470846.62088906806, 470850.917846806, 470873.9952112987, 470876.3769691205, 470940.7958310772, 470848.7914113483, 470857.91758477135, 470852.55865627335, 470823.42577174975, 470871.876438679, 470867.2924578764, 470884.9762401705, 470821.95884496486, 470818.3087318723, 470829.3414210989, 470906.7480610446, 470827.3877905582, 470886.33527823375, 470889.8932958247, 470859.65802464786, 470795.9586281189, 470871.5584254713, 470858.185511238, 470853.95126075676, 470899.2134227423, 470866.5135264997, 470876.4564053665, 470855.72795419424, 470919.54503243254, 470892.89302705444, 470885.596181591, 470852.823380893, 470867.93996151956, 470866.51419080264, 470904.79360166914, 470894.2715528011, 470877.54131933354, 470842.64538507484, 470855.21608263045, 470872.4880398465, 470880.7809902373, 470867.7936827408, 470864.5553481843, 470843.928495667, 470857.3045826033, 470874.80452873156, 470866.9741051127, 470851.79084040626]}