{"1": [463747.49119947397, 463747.49119947397, 463747.49119947397, 463747.49119947397, 463747.49119947397, 463747.49119947397, 463747.49119947397, 463747.49119947397, 463747.49119947397, 463747.49119947397, 463747.49119947397, 463747.49119947397, 463747.49119947397, 463747.49119947397, 463747.49119947397, 463747.49119947397, 463747.49119947397, 463747.49119947397, 463747.49119947397, 463747.49119947397, 463747.49119947397, 463747.49119947397, 463747.49119947397, 463747.49119947397, 463747.49119947397, 463747.49119947397, 463747.49119947397, 463747.49119947397, 463747.49119947397, 463747.49119947397, 463747.49119947397, 463747.49119947397, 463747.49119947397, 463747.49119947397, 463747.49119947397, 463747.49119947397, 463747.49119947397, 463747.49119947397, 463747.49119947397, 463747.49119947397, 463747.49119947397, 463747.49119947397, 463747.49119947397, 463747.49119947397, 463747.49119947397, 463747.49119947397, 463747.49119947397, 463747.49119947397, 463747.49119947397, 463747.49119947397], "2": [462716.9538602153, 462717.25608927646, 462717.056382825, 462585.7960235211, 462717.1661475454, 462585.61915458617, 462585.50816464954, 462716.8954730888, 462585.48158894264, 462716.9124527863, 462585.7103504314, 462585.73575200903, 462717.0463589194, 462585.2396965952, 462717.2067765154, 462717.2169764898, 462585.78322000377, 462717.2015854255, 462717.14689040254, 462584.2985076654, 462584.5438586564, 462585.5754320235, 462716.98181883525, 462585.55418017384, 462585.6850235232, 462584.81797038054, 462717.0107418853, 462717.22023269965, 462716.8534283335, 462716.95598721557, 462585.70863691263, 462584.948516675, 462585.5901768097, 462717.24801002955, 462585.73626014753, 462717.26913819567, 462716.9439121561, 462585.1967976856, 462585.10214781185, 462585.45918238873, 462717.135641163, 462585.73927173525, 462584.84208602144, 462585.3953061086, 462717.3299689045, 462717.3164653646, 462585.6473228314, 462717.0135935731, 462716.91684780427, 462716.99242544966], "3": [461371.78930511937, 461372.09690731094, 461370.58701673994, 461370.8511756459, 461372.7427630882, 461370.52611491305, 461372.8583452597, 461370.51579483907, 461370.6351019677, 461370.4827339995, 461372.5291389477, 461389.44702414254, 461372.22529837437, 461372.3118702787, 461371.68996248726, 461372.6401489293, 461371.1059694541, 461371.6946318984, 461370.2389742124, 461370.4104994918, 461371.2348010587, 460695.2616217638, 461370.57974100165, 461370.42763008707, 461370.86364197935, 461372.073437575, 461373.825749018, 461370.3325138939, 461371.4726855664, 461370.8806132986, 461371.85480671586, 461371.5947225505, 461314.008813685, 461370.5709519731, 461314.17338493845, 461371.90159442625, 461370.49910984247, 461313.9041788643, 461371.9275013968, 461370.3965160294, 461372.0416905819, 461370.2678633308, 461373.65440457256, 461373.23018455104, 461365.0691880442, 461370.69263856177, 461371.95284098934, 461371.8455458939, 461370.7567500816, 461371.86012930895], "4": [460553.80468452885, 460554.4300265095, 460560.7428284778, 460554.157216426, 460553.8915804859, 460556.802809335, 460519.43753097736, 460553.9831996216, 460560.6391571945, 460553.93247126497, 460553.576360688, 460554.5698285381, 460555.1866874871, 460554.04411975626, 460555.1434422826, 460553.9320071758, 460554.029338458, 460553.8338841325, 460554.48850740114, 460553.72780629696, 460554.2191268764, 460521.9664385187, 460556.985135455, 460554.12318929605, 460496.7868301828, 460560.59191150876, 460553.9962109177, 460554.01281677437, 460553.2950837484, 460553.7680042365, 460559.5008450749, 460558.57839598984, 460556.33404791186, 460554.10091425333, 460554.158932716, 460553.8101888154, 460466.95378190273, 460554.1525131634, 460467.91737345094, 460554.7974692583, 460468.5515642908, 460554.3049035758, 460554.3592570453, 460555.64274848375, 460554.31577477267, 460556.2053372855, 460553.75288733497, 460559.9915763942, 460555.7443183001, 460554.23126332497], "5": [460582.0397175512, 460308.92607440404, 460307.61363152287, 460312.807198001, 460307.38843330764, 460610.0102401926, 460307.2976767506, 460311.24705694703, 460307.6781653152, 460308.40722408216, 460399.30428318144, 460307.93348918826, 460307.5144670515, 460313.785772193, 460370.14435518393, 460312.0767629744, 460310.2273594578, 460603.37611977337, 460308.19662787823, 460308.1576529774, 460397.1219140477, 460308.4913281031, 460308.21674034745, 460621.54797154374, 460311.01973713515, 460309.9092345906, 460307.5472832212, 460309.4945862517, 460308.8232413852, 460502.32712377294, 460308.49764244375, 460307.58960931574, 460314.3111164847, 460308.21738242084, 460308.2125441951, 460308.7589041513, 460307.6056473394, 460311.81763057946, 460506.7915485711, 460310.3629979798, 460314.1911189278, 460621.6092478931, 460310.5980320001, 460307.9173142832, 460621.3909021429, 460411.8327648872, 460494.5141394581, 460308.2151584751, 460308.5887694415, 460308.1751832923], "6": [460329.50934270496, 460367.46739758307, 460324.7391415874, 460351.9243910018, 460382.2984107521, 460381.54490522546, 460354.1363220145, 460362.5089958483, 460365.83321128576, 460380.99092854117, 460351.0647573584, 460366.81106753764, 460352.8604574547, 460372.0192125521, 460381.76559216494, 460352.03014752956, 460352.193339095, 460357.0159254829, 460339.88632823987, 460351.89298537065, 460352.21801559126, 460333.6537621191, 460372.929105635, 460363.9142916047, 460372.62076572975, 460369.1402255148, 460379.36681514943, 460329.0503454306, 460355.84623479523, 460352.8156805683, 460356.8031915829, 460383.2591301217, 460381.01963105367, 460375.5387906108, 460328.96580338385, 460346.5405030048, 460371.3447345769, 460368.2390459563, 460361.9390079145, 460350.7187289747, 460371.7620660431, 460441.3702513041, 460370.9341339434, 460370.93766956823, 460561.1261586286, 460339.5363822543, 460366.7878654221, 460380.9095126431, 460370.7531326372, 460376.8476408346], "7": [460390.18898404425, 460440.1088020817, 460424.3965230301, 460406.38058373024, 460423.3646875112, 460399.4393239935, 460382.56874930684, 460380.5258753545, 460401.32510208775, 460440.1095571026, 460395.7359168139, 460385.01958601293, 460422.02071594, 460375.24687407893, 460409.80214270944, 460406.167030354, 460421.81340714305, 460390.78208458977, 460422.7703083645, 460424.3359061965, 460395.10704552237, 460405.9657283241, 460434.0399891934, 460427.93287462724, 460408.62375896325, 460409.33204290894, 460415.7284356472, 460403.35428516375, 460418.6882391541, 460381.58220314945, 460413.39721591905, 460423.95308302535, 460399.26265368087, 460393.0388205216, 460413.34616717667, 460409.3498274678, 460435.4642116612, 460380.00095441757, 460421.4384727176, 460431.27562164556, 460419.4936584346, 460410.6183885063, 460400.48748626845, 460419.97124626656, 460379.25965987897, 460437.75356248254, 460418.355961387, 460421.5726143288, 460434.8622930403, 460370.83149336086], "8": [460459.92942681373, 460459.67067893, 460452.7527793002, 460515.0218408676, 460437.8995194232, 460444.4522793183, 460450.50860523665, 460450.4372581017, 460452.96601833194, 460450.7371439029, 460485.8444357334, 460458.20947090467, 460497.1940269659, 460468.8213865084, 460477.69551461434, 460498.1518893766, 460463.06240645377, 460468.67350786057, 460508.1339068357, 460489.0761299706, 460503.1542140071, 460492.7843330699, 460461.5860504556, 460450.4700398071, 460435.970616664, 460484.58788809483, 460441.88760252687, 460490.910097981, 460472.0486933135, 460489.4173906981, 460482.01423435635, 460506.9198140275, 460451.29104745935, 460490.22915422614, 460442.6252008068, 460480.468124706, 460419.3375973122, 460463.64285196806, 460457.730924541, 460463.99967937137, 460451.6306378977, 460478.39403277566, 460495.1197732042, 460477.12384619634, 460480.83370607026, 460461.8345099594, 460493.7867448804, 460454.8679022165, 460438.1248590005, 460457.42514671036]}