{"1": [227516.82268261508, 227516.82268261508, 227516.82268261508, 227516.82268261508, 227516.82268261508, 227516.82268261508, 227516.82268261508, 227516.82268261508, 227516.82268261508, 227516.82268261508, 227516.82268261508, 227516.82268261508, 227516.82268261508, 227516.82268261508, 227516.82268261508, 227516.82268261508, 227516.82268261508, 227516.82268261508, 227516.82268261508, 227516.82268261508, 227516.82268261508, 227516.82268261508, 227516.82268261508, 227516.82268261508, 227516.82268261508, 227516.82268261508, 227516.82268261508, 227516.82268261508, 227516.82268261508, 227516.82268261508, 227516.82268261508, 227516.82268261508, 227516.82268261508, 227516.82268261508, 227516.82268261508, 227516.82268261508, 227516.82268261508, 227516.82268261508, 227516.82268261508, 227516.82268261508, 227516.82268261508, 227516.82268261508, 227516.82268261508, 227516.82268261508, 227516.82268261508, 227516.82268261508, 227516.82268261508, 227516.82268261508, 227516.82268261508, 227516.82268261508], "2": [227414.73582782884, 227414.8219372029, 227414.88340358064, 227415.3746930692, 227414.71263395317, 227416.04099913788, 227414.66278289646, 227414.7342435632, 227415.48918694825, 227414.9578443417, 227414.81200717602, 227414.7980576145, 227414.74627474268, 227414.76707171294, 227414.75740259278, 227415.7539497049, 227414.76851562483, 227414.79046940364, 227415.2977580155, 227414.6803048442, 227414.74810696312, 227414.70221093108, 227414.71604263128, 227414.75421917028, 227414.75769385832, 227414.77732393422, 227415.51902896908, 227414.7111875052, 227414.771815736, 227414.90003832095, 227414.73244976866, 227414.69011618712, 227414.73212120877, 227414.80650084565, 227414.6525463181, 227414.84497696953, 227414.6835604581, 227414.84935024643, 227414.86163040125, 227414.69581430338, 227570.38056472267, 227414.86614593962, 227414.76760608202, 227414.78333579985, 227414.78364018814, 227414.74477129898, 227414.65911301537, 227414.85483665628, 227414.68275938844, 227414.65853596033], "3": [227471.1877329827, 227478.46499713624, 227441.29528185914, 227473.37482356667, 227474.51027720925, 227441.69983321847, 227439.13129618406, 227439.32222953122, 227472.22130799017, 227439.11927299917, 227440.2067344283, 227439.1636368746, 227440.34444787586, 227473.9199165899, 227440.16593078893, 227450.01683987275, 227439.15694775464, 227493.34095214374, 227439.95452041557, 227469.4647019004, 227472.97742222485, 227472.20326918186, 227439.18241888404, 227474.2574203197, 227439.89323163676, 227440.00968107322, 227473.579327499, 227439.95316132443, 227472.73487700807, 227439.86996476958, 227439.3615013558, 227440.15153297436, 227439.41279104401, 227452.07679955396, 227474.44659453732, 227474.5788195447, 227472.97627687463, 227475.08869981568, 227439.20140268435, 227439.12628252406, 227472.58814928893, 227472.91919650525, 227471.65953179542, 227472.70460511526, 227439.94896556885, 227472.47323291484, 227474.6929939979, 227439.87451639536, 227473.94513692366, 227474.5667588332], "4": [227462.1377070105, 227463.07969396948, 227479.40662628954, 227470.33547921132, 227468.24408278282, 227485.08016681767, 227497.1121632536, 227467.08044814508, 227459.68334741506, 227459.793008316, 227477.95412978085, 227465.1946307207, 227474.81181976438, 227461.21782050878, 227477.48530816677, 227471.1718266159, 227461.95490189356, 227466.112423843, 227466.78821373222, 227495.4478201258, 227472.242170324, 227491.41062619627, 227464.8993629621, 227460.21005490838, 227556.83583786534, 227464.68567956143, 227490.98166248892, 227459.35809068874, 227468.00775108786, 227471.73180997546, 227460.36670061803, 227460.02283644903, 227490.28387233478, 227460.15982210956, 227461.56624115902, 227487.87502762282, 227467.73220852096, 227465.26452100795, 227463.71062808737, 227472.5752059583, 227480.21462096632, 227467.88495774902, 227462.5704591756, 227460.83609210906, 227470.215605784, 227468.24873262743, 227471.52929284013, 227480.8061103768, 227472.56555531835, 227479.42370557747], "5": [227528.88784405845, 227544.33105336712, 227530.00579574856, 227541.16448727244, 227533.7568258574, 227544.3985969989, 227535.39456843777, 227559.7977942743, 227518.516779183, 227545.7026901375, 227518.13599250143, 227522.84469576558, 227516.53693061054, 227544.22177851252, 227525.18734240974, 227538.9402746916, 227534.5279351694, 227530.62802602648, 227533.1200254187, 227523.92097598285, 227544.3533910708, 227516.3987757502, 227554.2560751362, 227533.93378321768, 227519.25402515606, 227532.77153079154, 227517.45797322362, 227535.72370981617, 227532.58930423792, 227524.89913286595, 227525.80037904019, 227536.03334104636, 227517.374550635, 227552.6305721398, 227517.16831561213, 227547.6720269207, 227527.81274136406, 227541.89589754716, 227533.49744043621, 227568.7019278147, 227520.76788852323, 227547.47778099944, 227533.401071051, 227526.65776887594, 227548.3711086128, 227521.05560510524, 227536.06984819722, 227535.8625194871, 227536.09905682004, 227556.18559073962], "6": [227599.24700092038, 227608.98113108936, 227603.08645380393, 227598.76866926524, 227592.49346524093, 227641.48523652935, 227593.9458016607, 227605.378789211, 227635.32295708242, 227613.33937284854, 227600.0513969373, 227611.91673527024, 227603.3224266948, 227609.49444883835, 227617.80781105335, 227616.69710320784, 227616.57039199624, 227607.0764397435, 227640.05342663755, 227620.22222096333, 227601.1519567777, 227622.32262460093, 227602.52112086935, 227605.27596823656, 227607.9509878299, 227603.67673914818, 227622.79675195622, 227625.6258983658, 227601.2851522063, 227591.15927605, 227601.2132392465, 227610.24569779623, 227603.92388595748, 227606.29565141816, 227632.47521298917, 227617.6398185176, 227600.54637447768, 227612.65414954483, 227596.39721190155, 227610.003608694, 227613.49226420428, 227602.25172284298, 227601.38758842638, 227611.4294881387, 227621.6672254047, 227602.24297665508, 227600.90968112607, 227591.60314223013, 227603.62352638575, 227601.83856222732], "7": [227672.4246569125, 227674.78624577099, 227684.7702084426, 227674.70783143432, 227681.44572394973, 227677.63100556604, 227683.61702748865, 227679.56721797027, 227670.67812625552, 227686.39022547432, 227675.07102454067, 227684.46208934137, 227687.97451209783, 227700.06213250538, 227690.80181571963, 227668.25959853944, 227664.38120599574, 227667.90960261316, 227679.6142313794, 227675.71812851814, 227698.17012135993, 227676.41122443514, 227689.4070857399, 227681.1331408937, 227675.0492738193, 227671.68908362987, 227660.45292621022, 227691.45547693496, 227670.83167739015, 227673.38698830036, 227682.66132853043, 227682.1808071534, 227681.3991155525, 227667.83170605625, 227677.4686227737, 227676.1144238384, 227661.57494881074, 227674.45145345115, 227674.28357458662, 227660.53724366808, 227670.91338084603, 227705.25156892673, 227685.61207942286, 227683.65393111162, 227659.5170013621, 227663.0360255167, 227671.74523317875, 227668.4120449205, 227676.4244438876, 227679.39810359047], "8": [227737.07598118295, 227750.05972330214, 227761.27690248104, 227753.5550168623, 227757.83522927947, 227762.66271519207, 227768.62478310263, 227756.55792883036, 227765.99056952374, 227746.16406307652, 227764.11690972577, 227762.05164979395, 227739.99551062833, 227746.61410445534, 227741.2021143746, 227753.89994293952, 227761.7743187494, 227754.1287425771, 227758.29986244038, 227745.2178577691, 227737.33141863352, 227743.13170503097, 227746.65510810848, 227762.4833698085, 227755.0823781315, 227755.12175559747, 227763.63796734269, 227753.27355875095, 227757.2239712358, 227770.64296999457, 227741.7708986284, 227764.63611589329, 227762.328043694, 227741.2439468263, 227767.49240489068, 227750.61653632682, 227762.2461055279, 227732.715037987, 227762.4504731354, 227770.55869371182, 227748.10263703493, 227764.76855385333, 227740.03465473372, 227746.02777228126, 227745.82645530812, 227750.9429315987, 227753.72286167444, 227758.65192334936, 227738.4872976619, 227754.72671973467]}