{"1": [206183.41804143775, 206183.41804143775, 206183.41804143775, 206183.41804143775, 206183.41804143775, 206183.41804143775, 206183.41804143775, 206183.41804143775, 206183.41804143775, 206183.41804143775, 206183.41804143775, 206183.41804143775, 206183.41804143775, 206183.41804143775, 206183.41804143775, 206183.41804143775, 206183.41804143775, 206183.41804143775, 206183.41804143775, 206183.41804143775, 206183.41804143775, 206183.41804143775, 206183.41804143775, 206183.41804143775, 206183.41804143775, 206183.41804143775, 206183.41804143775, 206183.41804143775, 206183.41804143775, 206183.41804143775, 206183.41804143775, 206183.41804143775, 206183.41804143775, 206183.41804143775, 206183.41804143775, 206183.41804143775, 206183.41804143775, 206183.41804143775, 206183.41804143775, 206183.41804143775, 206183.41804143775, 206183.41804143775, 206183.41804143775, 206183.41804143775, 206183.41804143775, 206183.41804143775, 206183.41804143775, 206183.41804143775, 206183.41804143775, 206183.41804143775], "2": [206232.4556587466, 206224.41768034236, 206224.48179308404, 206223.81875816674, 206223.75679220847, 206251.28102304743, 206223.707697711, 206223.2217101794, 206231.72519352162, 206221.64810612306, 206192.9012478763, 206224.58386880578, 206230.8383788047, 206193.84903132662, 206223.11035641073, 206224.29822038457, 206223.08895166582, 206232.40681108215, 206191.71309623012, 206224.56133147317, 206224.17680197622, 206192.76057297055, 206191.14484046662, 206224.42468788964, 206222.67329234362, 206222.85258638894, 206224.6111803496, 206232.40480936161, 206224.02295121, 206192.87339344234, 206230.97918710514, 206224.58634496963, 206231.36770427082, 206230.12118933874, 206231.26737428622, 206193.0605039386, 206194.00409029017, 206222.6565339778, 206230.58789917175, 206223.05313613825, 206193.972850903, 206231.73068199152, 206195.193202109, 206222.44318621868, 206224.41177897487, 206224.56182009573, 206223.07981333626, 206222.8913358086, 206192.71816318049, 206221.74307512352], "3": [206229.47418777115, 206234.3912418282, 206227.64502134392, 206229.01535559937, 206232.89545829807, 206282.48610400248, 206229.4088403415, 206225.42552762304, 206227.82384501645, 206231.96750341667, 206226.15844742727, 206232.22876918517, 206281.7263263157, 206229.05172593155, 206227.9950907014, 206236.9138407768, 206281.84774827995, 206226.87193230548, 206282.33083408014, 206227.36527978032, 206234.00268184303, 206234.09874265527, 206233.3940323198, 206228.61643741923, 206281.61929560514, 206282.25727089265, 206281.59499247526, 206225.91993067306, 206225.1885164246, 206230.86539337502, 206233.44439153135, 206231.94374262026, 206226.27346812465, 206227.998833779, 206234.37157003873, 206282.62802759107, 206234.32526519315, 206229.2486782224, 206282.01383084556, 206229.11402455936, 206225.57889825627, 206229.21483192107, 206231.37821987018, 206227.47611667938, 206228.04687800637, 206282.10778237385, 206282.00057385152, 206263.869448715, 206282.47149012343, 206226.20084726627], "4": [206290.19757376605, 206292.06617704628, 206312.7196189837, 206304.38210995597, 206305.72431112197, 206290.02275812146, 206308.05750290662, 206309.23264002253, 206310.87281182848, 206292.16856862948, 206289.73811055004, 206283.324292385, 206310.99241966286, 206291.17062343034, 206312.66631349412, 206285.4161236713, 206292.91605094858, 206293.2176470241, 206305.89189270546, 206289.38435614484, 206311.52857353128, 206291.82064338258, 206283.8732072784, 206289.7879719514, 206293.13541297353, 206286.5383635581, 206311.15665840032, 206312.13213751165, 206293.3538549236, 206286.05442840766, 206283.71853697987, 206311.66076021324, 206283.68225714023, 206288.53451804412, 206294.08494252566, 206284.19727009986, 206289.96598458543, 206299.80517377218, 206282.65681294943, 206284.57434260892, 206290.20299549872, 206289.4649118462, 206309.539453618, 206293.93845527232, 206289.0062139847, 206284.7812774468, 206287.37278630352, 206311.9774545435, 206293.10703576673, 206308.6601131945], "5": [206374.93877003912, 206367.01623545738, 206361.32517428277, 206373.84277068503, 206361.71816561464, 206365.9643191268, 206363.12277240265, 206359.9968473711, 206358.45842205881, 206380.59317098273, 206370.80567092344, 206380.4220161025, 206376.5088120144, 206369.97389738803, 206356.10816554545, 206363.81250623456, 206361.43409025777, 206355.5988716342, 206365.36721061007, 206364.904491305, 206358.1206221813, 206360.6705475055, 206354.4389927874, 206389.04590993587, 206376.08755101982, 206365.06581796485, 206373.1757854558, 206367.5874113848, 206375.47330161283, 206374.28158386762, 206374.64403331938, 206359.38938405763, 206363.8827845383, 206378.2925558627, 206364.84123457983, 206366.24084043328, 206365.76361334178, 206365.1436398387, 206371.5078288701, 206369.13308435964, 206383.95112380036, 206388.3258688007, 206362.81424446675, 206383.74349296454, 206360.97890478186, 206361.3116955647, 206373.8713276867, 206362.2279539086, 206387.93695977842, 206357.1343433136], "6": [206455.34476940607, 206448.53556410698, 206439.35671167934, 206433.3471477679, 206446.95211967788, 206434.66159007503, 206431.0456703042, 206440.93992139687, 206454.1773258853, 206431.53878603308, 206441.80191562924, 206436.7072421195, 206412.55836757415, 206437.14717552127, 206444.27565404156, 206439.1526543833, 206448.27099486472, 206445.16901022414, 206435.53915085204, 206417.5811733631, 206442.86137877541, 206437.29999325945, 206424.2141339806, 206442.2135901348, 206433.8484723517, 206444.26642024223, 206430.11739167423, 206413.5877397777, 206436.758654186, 206438.42184410777, 206436.94034718323, 206433.34425022037, 206437.96569237302, 206442.56726555288, 206427.78721792606, 206425.3835385252, 206438.1422347404, 206447.62525788057, 206414.59318858295, 206436.19664442985, 206442.43251519796, 206429.7634082714, 206440.7846076036, 206426.77358319762, 206435.41556895286, 206441.1386367868, 206406.06124775187, 206434.0229012732, 206457.39370320918, 206440.6671384262], "7": [206514.24229930653, 206516.3727307426, 206514.07115799183, 206511.69143237648, 206519.9730298349, 206504.50866183985, 206504.30670549703, 206502.20923701572, 206511.76640508062, 206526.3129946332, 206491.40329836804, 206509.42300256164, 206497.64721023702, 206506.7408053135, 206504.5087293995, 206500.30451277972, 206481.84659368327, 206487.60413154025, 206514.29860929074, 206471.98641560427, 206489.328917329, 206500.01659458425, 206513.77577096174, 206514.96262034078, 206509.79146162976, 206508.17793858782, 206528.43498943327, 206525.32978444852, 206512.15702173294, 206522.78579132791, 206498.18109543776, 206516.75629005153, 206514.31801928845, 206539.24171899492, 206497.10201690215, 206509.42802292752, 206519.9553972532, 206517.40466757436, 206501.55498238473, 206512.5558160904, 206532.92021390665, 206502.50285046306, 206499.67795599467, 206492.04950098338, 206515.51789512738, 206506.76910947406, 206512.95537305385, 206505.4373791864, 206512.3479542165, 206513.84002756965], "8": [206555.11222032353, 206577.26517070644, 206558.19505791855, 206582.67536801202, 206582.50628570834, 206573.84320550732, 206573.51027763914, 206583.4331834257, 206581.15190243287, 206561.0693807001, 206585.96439070985, 206562.49789104093, 206586.2338223098, 206573.2316463316, 206568.944396612, 206590.6796442399, 206561.18267030513, 206580.84382452574, 206539.43482310796, 206561.51476824726, 206596.46276630013, 206583.38257368808, 206582.71694914566, 206587.05087220762, 206558.39740952718, 206589.9860854539, 206587.583824579, 206605.42825246457, 206590.62456808554, 206606.29777434203, 206598.73895209748, 206599.15963573346, 206577.4605407194, 206590.3019142164, 206586.65718557488, 206571.28068664833, 206573.46049844078, 206553.4748649042, 206570.73026330676, 206553.44870257398, 206597.9902461039, 206578.17775618244, 206589.6904656076, 206585.5750096786, 206557.48319335456, 206591.12815932368, 206583.4086992052, 206581.77917908962, 206571.07938445092, 206588.35031784745]}