{"1": [109263.46221150001, 109263.46221150001, 109263.46221150001, 109263.46221150001, 109263.46221150001, 109263.46221150001, 109263.46221150001, 109263.46221150001, 109263.46221150001, 109263.46221150001, 109263.46221150001, 109263.46221150001, 109263.46221150001, 109263.46221150001, 109263.46221150001, 109263.46221150001, 109263.46221150001, 109263.46221150001, 109263.46221150001, 109263.46221150001, 109263.46221150001, 109263.46221150001, 109263.46221150001, 109263.46221150001, 109263.46221150001, 109263.46221150001, 109263.46221150001, 109263.46221150001, 109263.46221150001, 109263.46221150001, 109263.46221150001, 109263.46221150001, 109263.46221150001, 109263.46221150001, 109263.46221150001, 109263.46221150001, 109263.46221150001, 109263.46221150001, 109263.46221150001, 109263.46221150001, 109263.46221150001, 109263.46221150001, 109263.46221150001, 109263.46221150001, 109263.46221150001, 109263.46221150001, 109263.46221150001, 109263.46221150001, 109263.46221150001, 109263.46221150001], "2": [109291.0737891253, 109291.46498916498, 109291.72829665289, 109291.53957845578, 109314.38239881991, 109291.46475919696, 109292.3827578156, 109291.61792609865, 109292.07281635326, 109292.04879383344, 109291.66513594957, 109290.39765676248, 109291.45594721436, 109291.79925800145, 109291.78913567177, 109291.91420916177, 109314.29567747335, 109275.54438067874, 109315.2211106528, 109315.18763852272, 109291.18905847012, 109291.40229236007, 109291.78913567177, 109291.36111526877, 109291.82091653794, 109290.28633781083, 109290.48932281813, 109291.21471621624, 109292.06996732437, 109315.24141922109, 109292.31358714745, 109315.0691031355, 109275.60018796488, 109275.44741709984, 109291.71638908876, 109291.98702185863, 109290.7952199787, 109292.07305799636, 109291.84449725517, 109292.26188367799, 109291.6660562539, 109291.95177299783, 109291.52881450487, 109292.14206953994, 109291.82091653794, 109291.49981076612, 109275.53288877671, 109291.54061395889, 109275.57933175098, 109290.90859848988], "3": [109337.85736751955, 109358.38049938233, 109321.494904462, 109321.87402304151, 109322.67892863334, 109323.05945199159, 109321.62356280937, 109322.49011491193, 109322.51754377155, 109322.27676158422, 109321.74115075317, 109321.93597538257, 109321.48125005372, 109338.29328865773, 109322.37473801369, 109321.59893097686, 109322.23308517874, 109322.29824400801, 109321.22256595905, 109321.93727577895, 109323.1660799445, 109321.62324616444, 109337.45258700845, 109357.96764257885, 109322.0073555068, 109321.83867441383, 109320.96032082573, 109322.35149216432, 109321.48944902491, 109322.31340996781, 109322.20290160476, 109321.29719758715, 109337.9908245137, 109320.68259951893, 109321.5094424642, 109321.53374806725, 109357.00739778143, 109322.32117344342, 109357.89404345199, 109322.43231990915, 109321.57051399018, 109322.21019651648, 109337.47872531031, 109339.70361734316, 109337.45299530722, 109322.10911808733, 109357.33604084888, 109321.37383135827, 109338.0135528103, 109321.80801639402], "4": [109383.36975034924, 109398.83336370105, 109382.05984526036, 109386.19634052164, 109391.93759196573, 109385.33573538213, 109380.81379875037, 109390.63299182575, 109390.79403910863, 109384.08675762978, 109390.13110330522, 109384.94037041678, 109386.33632194808, 109382.27014056996, 109389.90118528575, 109388.60970393305, 109384.58007423674, 109396.07632543294, 109393.47041410746, 109383.69126292894, 109384.13131508579, 109383.90831759643, 109387.6179920748, 109379.87265742013, 109384.22370713345, 109382.64211389345, 109383.09924863947, 109383.41815345034, 109383.8531429307, 109388.6373711067, 109414.1570994435, 109385.21129329325, 109380.24104543352, 109383.05630405816, 109393.2198692905, 109390.60337761731, 109399.7497112346, 109378.74554564996, 109386.57676897536, 109394.30076759776, 109394.31216369169, 109383.78506266708, 109382.41139620381, 109383.0162364258, 109381.89293146603, 109392.35204885884, 109387.62223971599, 109420.70964314327, 109421.7305911599, 109384.379085899], "5": [109444.01123922145, 109456.0982859949, 109446.94399100223, 109441.34857458502, 109445.29838347615, 109465.22250382125, 109446.71786258137, 109438.37921531778, 109440.20397120496, 109445.35456685342, 109449.3622645915, 109449.79475954702, 109443.99305959968, 109447.46032661572, 109451.7978582074, 109441.70683161844, 109442.39881254658, 109441.17797724396, 109469.6750151749, 109435.11132265141, 109442.42066811753, 109445.08320909314, 109439.68709200883, 109451.23535145252, 109449.2310810227, 109460.3361673958, 109452.70924879391, 109459.15877004323, 109441.02948590316, 109450.93352758643, 109453.4660246227, 109471.8241211884, 109441.98483625095, 109460.22174499567, 109456.52707781098, 109440.18307940515, 109451.2352045761, 109443.90750393721, 109448.02471187417, 109454.59490353032, 109444.98965259545, 109465.73110663681, 109443.29064326458, 109442.98624596055, 109447.58203380342, 109452.21567939778, 109454.6232758088, 109454.906367717, 109442.78278191757, 109451.37994952337], "6": [109513.01590170404, 109515.46373639672, 109506.84675971422, 109505.96560563419, 109497.87563627685, 109515.89256807764, 109508.23358098365, 109501.85086307676, 109513.66459286083, 109514.38910265068, 109511.66668191423, 109508.81395495027, 109515.16370376931, 109506.93568866276, 109494.85542277183, 109512.59235248041, 109521.89329470553, 109516.44868858335, 109487.84626076046, 109512.09718514625, 109514.13497862163, 109516.384270794, 109507.86765207713, 109483.39994515134, 109504.84045803701, 109524.54021546959, 109512.61666107441, 109508.72180496836, 109512.41344297784, 109497.26225969354, 109506.94114008955, 109508.32012432946, 109515.46283893324, 109513.6274145803, 109519.30171563812, 109509.00386231391, 109506.49706214808, 109506.14978257501, 109527.99567936656, 109524.62178250044, 109504.23478020531, 109508.91634075293, 109507.3050547919, 109513.58282219376, 109510.45896203448, 109528.50598563637, 109504.18829897644, 109503.08473885765, 109512.5984175861, 109507.99386155438], "7": [109562.01057920416, 109566.75999556569, 109598.29704224474, 109586.5847564922, 109578.46818011915, 109558.81674281748, 109571.94893495968, 109554.03950115442, 109570.21156812125, 109580.09726167275, 109564.37092317455, 109569.57882420684, 109552.32089564904, 109564.0406162616, 109579.46771607056, 109563.79984312771, 109589.2065562892, 109575.95779338057, 109578.67302028413, 109571.85936611722, 109577.96013512113, 109574.42622113996, 109571.88589277043, 109565.00111011164, 109576.13496100603, 109569.42736923836, 109586.80914446214, 109575.98622234052, 109580.05498171138, 109565.1166995315, 109572.30451413819, 109582.7525166997, 109567.06180022817, 109542.28908402378, 109572.36881041608, 109574.43393802579, 109586.7877679791, 109569.06849055679, 109589.51971721536, 109581.82049407782, 109564.51350239897, 109557.5509702418, 109590.27575756956, 109548.92944738301, 109588.36815339091, 109576.20732967151, 109565.21218936719, 109566.04629040221, 109579.56428267203, 109549.89368866905],