{"1": [258979.296324831, 258979.296324831, 258979.296324831, 258979.296324831, 258979.296324831, 258979.296324831, 258979.296324831, 258979.296324831, 258979.296324831, 258979.296324831, 258979.296324831, 258979.296324831, 258979.296324831, 258979.296324831, 258979.296324831, 258979.296324831, 258979.296324831, 258979.296324831, 258979.296324831, 258979.296324831, 258979.296324831, 258979.296324831, 258979.296324831, 258979.296324831, 258979.296324831, 258979.296324831, 258979.296324831, 258979.296324831, 258979.296324831, 258979.296324831, 258979.296324831, 258979.296324831, 258979.296324831, 258979.296324831, 258979.296324831, 258979.296324831, 258979.296324831, 258979.296324831, 258979.296324831, 258979.296324831, 258979.296324831, 258979.296324831, 258979.296324831, 258979.296324831, 258979.296324831, 258979.296324831, 258979.296324831, 258979.296324831, 258979.296324831, 258979.296324831], "2": [258933.2791989892, 258931.47009468812, 258932.73020182786, 258933.61079570415, 258766.07277306047, 258933.08317745343, 258931.7629206358, 258768.71406738157, 258933.3551544709, 258931.3672583619, 258767.93020932877, 258933.05817809768, 258766.66917013266, 258931.2301513412, 258932.76046631683, 258931.7254377759, 258931.30817857076, 258933.4263305543, 258931.45424807054, 258932.1187777525, 258933.15283759282, 258933.05445220595, 258931.366504606, 258933.28259616237, 258932.0905682926, 258933.23787950023, 258931.02980697376, 258933.14218987295, 258933.28259616237, 258931.79859336274, 258933.5221195022, 258766.141902134, 258933.53622241033, 258933.88890522305, 258932.71779418393, 258931.83236946736, 258766.28642802802, 258933.11799019657, 258766.05711358436, 258933.45096202785, 258932.45020706364, 258766.1380686146, 258934.1183951256, 258930.44637845125, 258766.3510192624, 258931.24307264233, 258931.35486681008, 258933.294291862, 258933.42015635446, 258931.1650692963], "3": [258718.37026084148, 258719.80782808238, 258722.06707640598, 258717.80026193164, 258716.95824702762, 258719.0736905361, 258720.5045181276, 258733.85093045371, 258718.49316512616, 258719.4147298657, 258750.19338972197, 258751.92903205098, 258719.46782305723, 258718.35594748837, 258721.8855312853, 258721.71659233377, 258752.8920087452, 258749.62597450337, 258719.15597410096, 258721.45416480856, 258717.63438418988, 258718.93089316247, 258718.124492755, 258717.91607214478, 258750.5997359465, 258718.124492755, 258716.24362668293, 258718.13278015575, 258729.66959106125, 258717.15599500117, 258718.92808478998, 258732.96219761486, 258729.42372780762, 258717.4572787139, 258717.03950337853, 258718.98370765822, 258750.3743229472, 258714.49307265115, 258717.524582188, 258751.7524046572, 258718.60277563232, 258719.27345043764, 258718.3755878512, 258733.3996160339, 258716.46843199604, 258722.45826922066, 258720.35270683918, 258718.6832651392, 258750.43543808153, 258715.50323403257], "4": [258678.73690668252, 258690.99820682427, 258685.64929274915, 258682.6285141439, 258685.2658261582, 258683.39668453633, 258683.04111163082, 258684.07234164208, 258683.3204796815, 258778.22077790313, 258685.31073069366, 258686.61022540412, 258685.41667852007, 258684.58061103444, 258682.1907958318, 258681.90603196775, 258758.9402483305, 258684.9295400599, 258687.55971918392, 258784.4752255296, 258687.6219405839, 258779.8948516012, 258759.21149710286, 258681.9117982736, 258682.32440814233, 258705.42696078803, 258686.2384117211, 258685.04804167838, 258677.85694390888, 258683.1450334873, 258685.9458783988, 258688.91626716751, 258778.809179918, 258685.63356419638, 258683.66722190284, 258681.68512702134, 258686.96237267568, 258683.07289923067, 258772.0688970127, 258682.98448798995, 258715.71397900366, 258685.4953586587, 258687.52382035946, 258679.53935700477, 258748.4003958058, 258683.22631115312, 258774.69103089967, 258767.1490154826, 258684.5957783809, 258682.99480567512], "5": [258746.0458845562, 258758.51657753583, 258762.48979342292, 258736.16231157252, 258744.54361243767, 258762.864446608, 258749.67000692632, 258749.96452377422, 258732.65640077603, 258759.320754839, 258761.31671349847, 258749.81252715838, 258742.5197769511, 258742.70307185643, 258742.31611790528, 258752.16952106665, 258756.52360048064, 258733.10946915942, 258754.87435964978, 258740.00385668472, 258756.92798750923, 258738.78215649255, 258732.17566072033, 258738.32948098413, 258742.12847815704, 258738.8596068217, 258730.21306834137, 258749.45677410456, 258751.75733642117, 258746.50181260877, 258745.66198736796, 258768.01558682698, 258743.6072112083, 258732.86556840944, 258739.24346875498, 258761.79934036208, 258749.45167415377, 258732.78774315587, 258747.61623173903, 258746.2481975652, 258750.88409443563, 258742.22374253703, 258737.9190526922, 258749.72499168606, 258744.77937527365, 258752.8432223731, 258730.59385296598, 258750.72467229766, 258735.49924281824, 258832.22865039864], "6": [258783.658308318, 258813.71103346435, 258790.11230872484, 258817.8914786919, 258805.9869048709, 258818.28900767906, 258787.71598914042, 258809.53042090626, 258807.57570726468, 258823.12774037104, 258788.35501803277, 258769.00830156822, 258787.7782824484, 258790.6934216778, 258796.2258947522, 258783.7730299037, 258806.46784548278, 258797.15908500354, 258809.25873080574, 258813.4973871052, 258811.87375658957, 258810.7132784928, 258824.3337442459, 258822.69398740274, 258774.10391751648, 258823.27897094988, 258813.46326587448, 258775.3239124137, 258811.5283245128, 258782.62874719716, 258803.3794496561, 258804.57999131316, 258797.51885302618, 258814.18335470406, 258781.8719930133, 258805.7500816779, 258813.5510455831, 258813.8686134827, 258787.56474340486, 258779.76003577607, 258805.87110149584, 258780.34137585, 258786.4173976217, 258802.68648416657, 258781.8452923764, 258793.94504057788, 258786.64049202338, 258802.84335604316, 258810.76140140506, 258830.34355541883], "7": [258847.69955396125, 258857.11802697106, 258886.67951122776, 258891.8975015309, 258845.47974607203, 258853.28154039825, 258853.86260050384, 258880.23253556798, 258874.93795992204, 258852.0726116615, 258845.04039962546, 258846.82492847665, 258886.96090554562, 258875.5161036646, 258853.73529600565, 258856.903088153, 258897.7470861371, 258863.36420177107, 258867.7255057672, 258838.95993336645, 258866.46389416108, 258847.2441978845, 258851.59043969723, 258860.71445935397, 258873.19346927296, 258852.72591003703, 258882.4074864956, 258888.16540598692, 258870.7508711839, 258885.32091505316, 258851.646370105, 258860.179854762, 258845.9040829305, 258863.43839479305, 258847.88585889703, 258857.77805895486, 258849.20965186137, 258856.20542642396, 258851.79082024976, 258904.2506106361, 258860.57591495567, 258873.45159155378, 258853.64844727473, 258865.96454203015, 258853.48565737074, 258856.18593966577, 258848.79390985868, 258850.41740503075, 258890.93643933846, 258856.25401256315], "8": [258920.79027866668, 258951.79280009493, 258933.85438218963, 258897.4929854962, 258930.59380191498, 258932.50019767196, 258937.03412190193, 258928.25903347222, 258921.59085909836, 258926.71183110285, 258918.41666439755, 258935.41207177343, 258915.13789433186, 258964.02572371621, 258925.66804787933, 258952.61023896709, 258953.9835479721, 258931.81850191255, 258937.5241011782, 258917.61065573574, 258929.40448342788, 258918.8323823122, 258922.21039484075, 258918.97667172595, 258931.9614366114, 258922.11226186462, 258921.22957780788, 258922.18702731398, 258905.93762716072, 258976.66324826132, 258958.69690887508, 258940.9978304079, 258929.5379719162, 258942.27162277396, 258958.95265541083, 258926.19255867723, 258927.57717267654, 258913.71498590906, 258948.9472770246, 258938.13432832825, 258935.0829728863, 258932.14115324066, 258936.52888466688, 258906.6563051504, 258950.51792961868, 258923.58645484917, 258930.91451275852, 258940.20906891508, 258934.90884794082, 258940.02685955967]}