{"1": [1046297.6472616859, 1046297.6472616859, 1046297.6472616859, 1046297.6472616859, 1046297.6472616859, 1046297.6472616859, 1046297.6472616859, 1046297.6472616859, 1046297.6472616859, 1046297.6472616859, 1046297.6472616859, 1046297.6472616859, 1046297.6472616859, 1046297.6472616859, 1046297.6472616859, 1046297.6472616859, 1046297.6472616859, 1046297.6472616859, 1046297.6472616859, 1046297.6472616859, 1046297.6472616859, 1046297.6472616859, 1046297.6472616859, 1046297.6472616859, 1046297.6472616859, 1046297.6472616859, 1046297.6472616859, 1046297.6472616859, 1046297.6472616859, 1046297.6472616859, 1046297.6472616859, 1046297.6472616859, 1046297.6472616859, 1046297.6472616859, 1046297.6472616859, 1046297.6472616859, 1046297.6472616859, 1046297.6472616859, 1046297.6472616859, 1046297.6472616859, 1046297.6472616859, 1046297.6472616859, 1046297.6472616859, 1046297.6472616859, 1046297.6472616859, 1046297.6472616859, 1046297.6472616859, 1046297.6472616859, 1046297.6472616859, 1046297.6472616859], "2": [1041806.396560232, 1044696.5534135157, 1041806.2524566358, 1041805.9215536164, 1041805.8965379079, 1041806.3262392788, 1041805.9068005336, 1041803.498939093, 1041805.599452734, 1041806.0140665395, 1041805.4369597861, 1041806.1283248502, 1041806.3594821708, 1041805.9547004557, 1041806.1185726828, 1041806.4280329805, 1041805.7164529877, 1041805.5583611154, 1041806.4262982372, 1041805.8476509931, 1041805.1880660243, 1041805.2841142346, 1041806.2697130768, 1041806.3054245843, 1041806.4813655054, 1041805.9766628505, 1044687.6992612139, 1041806.2774920156, 1041806.1532751364, 1041805.5811081976, 1041801.8897537102, 1041805.6282521152, 1044697.3576605611, 1041805.8636494575, 1041805.8517270578, 1041806.2951316386, 1041805.9995138288, 1041806.1983670825, 1041805.8735291273, 1041805.5053890356, 1041806.2823520782, 1041806.2629926907, 1041805.845763762, 1041805.9183338521, 1041805.4461431613, 1041805.9426933262, 1041806.3647354537, 1041805.8855281135, 1041806.0207194614, 1041805.6821687185], "3": [1041478.04664213, 1041474.0222968449, 1041475.0909338119, 1041474.1787443294, 1041480.1936837792, 1041473.8223187887, 1041476.5071214692, 1041476.6599854054, 1041475.4594961604, 1041475.4436986807, 1041473.9003505307, 1041473.8753944462, 1041475.589947211, 1041471.4632501138, 1041472.9263805406, 1041473.7557442257, 1041475.5728068403, 1041474.8540362386, 1041477.2614141938, 1041473.9760356138, 1041474.6976920643, 1041476.019624104, 1041475.2461415494, 1041475.2259877349, 1041475.3487645205, 1041476.6866830802, 1041475.2938755819, 1041472.8718600037, 1041474.3232596422, 1041476.2864593278, 1041473.7379611423, 1041473.5913239353, 1041476.1972205208, 1041474.2882978705, 1041474.9607651335, 1041476.9775275245, 1041477.6985600787, 1041472.6627863967, 1041479.2468960013, 1041474.1621156082, 1041476.4051562562, 1041474.8682965565, 1041477.8527616988, 1041481.4790863236, 1041472.9113418943, 1041475.960129046, 1041476.5655877512, 1041473.9280562915, 1041475.0365971887, 1041474.6803370775], "4": [1041520.6245381922, 1041505.6153042006, 1041599.675941713, 1041511.7733230646, 1041658.9038861012, 1041656.8937936693, 1041555.6000593157, 1041651.8423119922, 1041523.2068497451, 1041512.862354565, 1041665.7141743678, 1041578.4946102408, 1041551.0710182957, 1041654.559813066, 1041565.9691440191, 1041672.685532904, 1041542.469999297, 1041680.508856069, 1041646.003651837, 1041500.6514672143, 1041659.3587559151, 1041651.1860387286, 1041665.4962431126, 1041623.3401566372, 1041609.713357526, 1041561.1447892246, 1041508.442488554, 1041544.2622036411, 1041517.1174321001, 1041532.2479964499, 1041642.4668741012, 1041529.8410602488, 1041642.074473904, 1041493.1245213965, 1041684.637220556, 1041518.7490192596, 1041640.100799809, 1041555.5235118851, 1041481.7894173171, 1041657.2186758724, 1041507.3573574572, 1041543.4966055899, 1041645.2019571691, 1041501.3615218342, 1041519.7230464636, 1041503.2017372918, 1041500.4599658694, 1041664.7135751283, 1041547.0728643492, 1041600.1068046255], "5": [1041685.8195532056, 1041707.6308232037, 1041449.3074371623, 1041614.3223977233, 1041655.1424423014, 1041652.3733874806, 1041578.2140877093, 1041583.503376602, 1041684.8221670012, 1041649.3099937786, 1041633.1456098849, 1041608.4490739235, 1041645.9081538133, 1041648.0701743411, 1041651.2059100484, 1041653.0593265654, 1041630.0203435323, 1041617.9671669039, 1041491.4627990593, 1041628.4720566054, 1041669.9517919053, 1041609.3827150913, 1041653.5013205246, 1041603.1190662658, 1041618.2574501332, 1041477.4373119408, 1041659.084656165, 1041604.489443554, 1041663.2547476857, 1041661.7015053618, 1041621.3197315799, 1041622.2307406669, 1041511.3781545504, 1041663.5458567981, 1041642.2603128098, 1041486.9154198858, 1041722.0504893316, 1041505.7380591399, 1041629.463927049, 1041607.6838978942, 1041624.4051375142, 1041615.5279995743, 1041631.1883398313, 1041620.04978875, 1041646.4759417399, 1041634.0144652796, 1041620.4369187737, 1041639.6913662908, 1041681.9868745197, 1041668.718385453], "6": [1041706.3450212989, 1041688.0286964404, 1041698.3669586771, 1041709.7122814003, 1041516.8210439611, 1041490.0203406, 1041543.674423935, 1041466.9301182325, 1041660.9781410603, 1041522.1098834004, 1041523.2581876754, 1041719.6364207739, 1041589.7956629251, 1041726.0752054377, 1041699.4147899144, 1041542.1792106897, 1041712.865755707, 1041568.0874872401, 1041700.4492297742, 1041719.9396727589, 1041721.4461620259, 1041720.2472183427, 1041660.9666385271, 1041719.3726528063, 1041472.5872430769, 1041680.009375772, 1041648.6528668578, 1041699.0540680768, 1041459.716653619, 1041443.80964898, 1041456.8069541603, 1041712.5076424794, 1041713.3890680531, 1041637.3201802071, 1041449.3477366131, 1041498.6576888023, 1041472.0630364814, 1041728.4255991305, 1041729.6926266218, 1041600.1050562602, 1041707.7440948114, 1041714.3423348542, 1041715.2427508554, 1041726.4233630592, 1041564.4086862402, 1041556.7244074175, 1041462.2565385078, 1041720.3328560892, 1041656.4728274449, 1041439.8947111238], "7": [1041722.1498825938, 1041539.5161643177, 1041587.6509372687, 1041719.2320944207, 1041503.3686157088, 1041747.5395637426, 1041534.5515027179, 1041534.5175995952, 1041526.2753112948, 1041528.7233303831, 1041792.3427647428, 1041730.0499417061, 1041525.3002042879, 1041545.6917784708, 1041531.8599264086, 1041775.3907500057, 1041539.2835207527, 1041497.3431066372, 1041522.7297573489, 1041563.5720509818, 1041718.3578462482, 1041760.7388852831, 1041540.6375792049, 1041800.0751245156, 1041533.7963605641, 1041718.7643550021, 1041522.4899556956, 1041766.1094268003, 1041732.9493596789, 1041535.2346060094, 1041608.7904114743, 1041718.5532652778, 1041524.5857620974, 1041753.1587592411, 1041729.6543078409, 1041538.8660679642, 1041552.9479490464, 1041543.7819694061, 1041715.7450711438, 1041597.0609337855, 1041550.6525405619, 1041708.2675780192, 1041543.0864912419, 1041610.6677597244, 1041574.7079816221, 1041719.7652923667, 1041541.4859869913, 1041539.5297877926, 1041539.1759000826, 1041514.0848374759],