{"1": [183339.12311249587, 183339.12311249587, 183339.12311249587, 183339.12311249587, 183339.12311249587, 183339.12311249587, 183339.12311249587, 183339.12311249587, 183339.12311249587, 183339.12311249587, 183339.12311249587, 183339.12311249587, 183339.12311249587, 183339.12311249587, 183339.12311249587, 183339.12311249587, 183339.12311249587, 183339.12311249587, 183339.12311249587, 183339.12311249587, 183339.12311249587, 183339.12311249587, 183339.12311249587, 183339.12311249587, 183339.12311249587, 183339.12311249587, 183339.12311249587, 183339.12311249587, 183339.12311249587, 183339.12311249587, 183339.12311249587, 183339.12311249587, 183339.12311249587, 183339.12311249587, 183339.12311249587, 183339.12311249587, 183339.12311249587, 183339.12311249587, 183339.12311249587, 183339.12311249587, 183339.12311249587, 183339.12311249587, 183339.12311249587, 183339.12311249587, 183339.12311249587, 183339.12311249587, 183339.12311249587, 183339.12311249587, 183339.12311249587, 183339.12311249587], "2": [183382.7163157951, 183381.4450994119, 183356.59397872735, 183354.07644711572, 183382.4286070749, 183379.19484505666, 183382.49724723128, 183380.34013350267, 183355.03624612794, 183353.56234053752, 183353.89576211615, 183382.48477404175, 183353.52070049624, 183380.2455211314, 183353.24306174734, 183353.67529621063, 183397.1088841009, 183355.0317389697, 183397.55767218766, 183395.37427105333, 183355.52320276215, 183355.43435549972, 183382.54918523153, 183354.1548985025, 183404.65223244045, 183394.6542349093, 183355.1749982958, 183353.95519693938, 183382.6870411748, 183382.13127648496, 183395.7600939856, 183395.7194427838, 183404.31847655211, 183354.27831620388, 183381.08921365408, 183404.93724340448, 183353.29285716714, 183382.4091175207, 183380.36109600056, 183403.33895419212, 183382.53723473792, 183405.48265458827, 183381.6293527373, 183405.13628658876, 183380.52369795745, 183380.43615345407, 183397.29154187485, 183379.02512214953, 183354.2009096114, 183353.48385238097], "3": [183444.7424379381, 183398.85714784617, 183401.83472150422, 183403.34056595358, 183446.610557842, 183405.36367889668, 183445.28309158282, 183403.71213998925, 183405.86188870034, 183397.46944490896, 183404.8981757535, 183444.71438011702, 183405.22278616874, 183402.8906915802, 183400.47588306852, 183400.14317434104, 183443.32629692383, 183400.05921364762, 183395.098164703, 183437.0852095856, 183444.77558613016, 183399.41495213384, 183444.5366088624, 183401.1112400039, 183403.250245584, 183405.05952693667, 183402.28345944957, 183444.68358607998, 183406.17588013108, 183404.23503586987, 183444.84723176243, 183398.70485654703, 183405.83400036488, 183400.35661196252, 183402.08025886575, 183405.58081286345, 183405.96149233982, 183400.40268450492, 183400.84706911255, 183399.0784270203, 183405.51627062546, 183403.86277362614, 183444.89732220594, 183402.49928466376, 183404.8827552165, 183398.6608674316, 183401.67344362423, 183402.74254159437, 183447.2079759595, 183401.40624319043], "4": [183461.9119547537, 183460.4407820821, 183459.8321887609, 183452.19086410725, 183454.77376994235, 183473.68889739778, 183462.27802251783, 183480.575960264, 183456.33903991056, 183480.57559218147, 183471.12176887036, 183468.31134640684, 183473.188892814, 183477.19371952862, 183458.2553935822, 183484.77576436286, 183458.74286474692, 183454.96111813272, 183469.80900271653, 183455.48954409503, 183456.2715324996, 183470.72987107016, 183485.14202575848, 183465.62371053777, 183486.04777155124, 183455.54975584915, 183459.73106341402, 183459.40907123635, 183478.23227168169, 183458.0655877179, 183476.76262796458, 183484.2736049762, 183475.3094254098, 183483.92594554383, 183456.56028146626, 183486.46363299034, 183474.52745952006, 183455.4940389521, 183485.73317481126, 183471.90775313534, 183455.53037754947, 183477.26531110148, 183458.3939246608, 183454.8432685551, 183474.41046486943, 183486.92862955123, 183451.80732974256, 183459.83455597155, 183483.5419666284, 183456.0091276952], "5": [183532.16398572185, 183533.66176710828, 183531.00697119217, 183534.59057505266, 183532.81217509083, 183549.45286481729, 183542.82066055553, 183540.40642657535, 183526.99723178954, 183529.47860358178, 183549.91182622383, 183530.32865372606, 183548.20225777375, 183529.13461776826, 183530.4059467493, 183543.67046299044, 183536.90428409705, 183534.4208119519, 183531.95590291018, 183542.29431694307, 183545.91201629638, 183532.63247276735, 183540.6749975122, 183546.3432424775, 183529.31036056546, 183530.10746613605, 183548.40596148674, 183523.93051903768, 183527.80841409232, 183532.90235661695, 183537.282424791, 183526.42083619864, 183536.77755722773, 183529.78888359832, 183553.0752386183, 183540.7628073072, 183531.28165854342, 183543.9160223621, 183544.15142495098, 183533.3165012807, 183533.59480302132, 183542.7756260586, 183529.858396709, 183539.85053601055, 183532.01237075732, 183536.50856020328, 183545.92533789165, 183527.13099797585, 183546.79318262552, 183533.50525543935], "6": [183609.91187079262, 183603.796244487, 183592.86640800952, 183595.54392842986, 183604.87406263777, 183599.0250703977, 183615.37886889244, 183595.3410182912, 183602.56892431312, 183623.68505682627, 183604.63808409008, 183593.39724254917, 183606.0661712978, 183618.9249100861, 183600.8937221215, 183604.38622522686, 183600.80760481185, 183602.1307078825, 183606.43212706284, 183614.46199570436, 183603.09132259045, 183612.1655193898, 183620.57367985908, 183602.50267245984, 183606.500170369, 183601.16983043152, 183587.73418336577, 183601.8813922925, 183601.66382798375, 183601.62740849683, 183611.9276724242, 183608.04974717437, 183601.39545668598, 183591.94753907793, 183603.1161792498, 183603.60558627654, 183608.57739455783, 183619.5167862141, 183599.56691477646, 183594.10503213992, 183620.85593451222, 183595.09939945512, 183598.6834292924, 183600.7793083593, 183608.34134922648, 183616.0079074349, 183594.6304300479, 183591.77674542592, 183613.27502740943, 183607.55150233186], "7": [183669.17195467098, 183662.4504216609, 183686.13705286337, 183662.62916598094, 183685.3713844963, 183645.48526336803, 183678.02886518513, 183666.74240465785, 183654.32201147507, 183687.25774516954, 183668.6686398241, 183684.02483828206, 183682.17377050285, 183673.65203397107, 183668.57235050068, 183682.40058126717, 183638.64830742325, 183678.4107650237, 183676.65834005337, 183676.922789123, 183675.77481028292, 183672.55290220716, 183673.91580012688, 183695.07737568495, 183676.08131404742, 183660.07021360606, 183681.8312120336, 183659.99986459006, 183688.7689181685, 183683.94050972039, 183665.0867814417, 183676.3466256991, 183685.70485152985, 183659.35068468677, 183665.5176771177, 183692.86115311246, 183674.06503154183, 183663.389738177, 183668.4123836716, 183673.77109806964, 183650.16847190828, 183672.09747810927, 183666.31015072748, 183650.24550382493, 183677.86610901475, 183667.49550405677, 183671.7219084224, 183682.34506810407, 183682.833431886, 183677.0538865037], "8": [183765.03826739246, 183735.16495339695, 183740.8105489576, 183729.57264730945, 183755.45683567363, 183761.51374891173, 183760.73601628418, 183724.92696199572, 183736.96759441195, 183744.49734756153, 183767.62453616865, 183716.30222791818, 183758.47094898066, 183763.31891942502, 183736.67888319842, 183740.22690217692, 183732.53281912985, 183704.0337303956, 183746.92254448397, 183744.25621456676, 183736.51822106878, 183742.00398540124, 183734.15288879367, 183737.61082938316, 183745.37151637164, 183738.72993482306, 183747.62489246874, 183748.71882497994, 183745.54907935287, 183764.55582149274, 183739.56121655536, 183733.4081124311, 183731.02944772044, 183712.70818092275, 183720.46439199912, 183710.55540860858, 183746.8013014136, 183743.2539522042, 183747.21510618256, 183732.86879240396, 183749.13729381887, 183745.33263499354, 183753.58332125688, 183702.08277663658, 183732.60640465113, 183742.78264115506, 183740.77018077477, 183735.94563217764, 183765.33892621886, 183714.84442361677]}