{"1": [24432.165577611486, 24432.165577611486, 24432.165577611486, 24432.165577611486, 24432.165577611486, 24432.165577611486, 24432.165577611486, 24432.165577611486, 24432.165577611486, 24432.165577611486, 24432.165577611486, 24432.165577611486, 24432.165577611486, 24432.165577611486, 24432.165577611486, 24432.165577611486, 24432.165577611486, 24432.165577611486, 24432.165577611486, 24432.165577611486, 24432.165577611486, 24432.165577611486, 24432.165577611486, 24432.165577611486, 24432.165577611486, 24432.165577611486, 24432.165577611486, 24432.165577611486, 24432.165577611486, 24432.165577611486, 24432.165577611486, 24432.165577611486, 24432.165577611486, 24432.165577611486, 24432.165577611486, 24432.165577611486, 24432.165577611486, 24432.165577611486, 24432.165577611486, 24432.165577611486, 24432.165577611486, 24432.165577611486, 24432.165577611486, 24432.165577611486, 24432.165577611486, 24432.165577611486, 24432.165577611486, 24432.165577611486, 24432.165577611486, 24432.165577611486], "2": [24475.265465199525, 24475.30298854167, 24475.288790017214, 24475.267074801766, 24475.267074801766, 24475.267074801766, 24475.276104842163, 24475.26952210443, 24475.30298854167, 24475.251184785175, 24475.28924739883, 24475.291221221392, 24475.291221221392, 24475.2870522805, 24475.261815746813, 24475.288360300703, 24475.29148108298, 24475.2870522805, 24475.2870522805, 24475.233925440054, 24475.2870522805, 24475.288790017214, 24475.263033681196, 24475.267074801766, 24475.282995227364, 24475.267074801766, 24475.267894574306, 24475.267894574306, 24475.256715407482, 24480.016526075964, 24475.267894574306, 24475.267074801766, 24475.261815746813, 24475.267074801766, 24475.267894574306, 24475.267074801766, 24475.277865315373, 24475.267894574306, 24475.29515684399, 24475.288790017214, 24475.245977969647, 24475.267074801766, 24475.267074801766, 24475.29515684399, 24475.28284573981, 24472.304297976083, 24475.263033681196, 24475.267894574306, 24475.289081462273, 24475.263033681196], "3": [24515.033308290498, 24515.009964550674, 24515.050487225697, 24530.754844577783, 24515.18942504521, 24515.050487225697, 24514.976864099586, 24518.283169434177, 24514.99267455413, 24515.02393802397, 24515.030550563417, 24517.326643624696, 24515.063855407694, 24515.018571746517, 24515.17846721653, 24515.050487225697, 24514.97639681523, 24515.090564111353, 24515.234011016946, 24514.866820616324, 24515.050487225697, 24523.616324452443, 24514.976586058452, 24515.203976413042, 24514.985891063225, 24515.039189929535, 24514.99267455413, 24515.275500359225, 24515.291005574418, 24515.250405159255, 24515.039189929535, 24520.848199009954, 24515.00302440326, 24514.992097716706, 24515.176690638244, 24515.030550563417, 24515.136553848963, 24518.376182050415, 24530.81630613743, 24514.966416323306, 24514.990588636538, 24515.026063075198, 24514.977676042086, 24515.22007666788, 24515.265566996983, 24514.998435940233, 24515.043244545886, 24515.218681057697, 24515.06157345246, 24515.153576463206], "4": [24558.192168469937, 24567.344465575356, 24558.80204737417, 24558.577283396284, 24567.024574257262, 24558.90401955736, 24563.898695219235, 24567.704681674706, 24567.23663182022, 24555.682066947826, 24567.88290269817, 24562.213463975422, 24558.993913981598, 24558.760264315264, 24567.612614589605, 24560.009825174788, 24563.49126264126, 24559.01228910754, 24555.169633204496, 24565.38421919645, 24558.771818332578, 24562.176543024878, 24571.839977770534, 24562.18294748749, 24557.443576344413, 24559.260288003905, 24567.474787296585, 24568.253935786146, 24566.857084039766, 24567.506639075393, 24558.769053095202, 24558.910482302133, 24564.311208731775, 24571.612327392904, 24558.53364272669, 24567.657423825727, 24567.749727329647, 24565.873081240035, 24563.15361095089, 24558.905306955883, 24559.618090051707, 24555.27149005191, 24559.24830941626, 24571.55836019077, 24566.905612664697, 24558.774996789514, 24557.591135120067, 24559.277123305645, 24560.460517931988, 24563.40363483123], "5": [24584.33373412809, 24605.73320578394, 24622.032620843976, 24620.14834147855, 24618.229792824994, 24622.8252366215, 24592.32217651811, 24621.26881423304, 24618.4986262356, 24616.27410630875, 24610.553630696595, 24617.18433924436, 24616.47979138692, 24619.942062394595, 24615.26648149785, 24610.300843706416, 24621.813916732874, 24626.862044959016, 24621.310360080777, 24605.75047651266, 24605.151844647124, 24606.728993423738, 24605.273759499472, 24614.234627969967, 24621.051541880584, 24621.070058680976, 24610.46377007024, 24618.089554557973, 24592.41876302491, 24611.45963156226, 24618.58813936557, 24619.5987996633, 24606.42264591345, 24609.4535890792, 24613.8543940128, 24615.47343785592, 24619.57119411775, 24622.573838096985, 24623.127161677654, 24592.15331143352, 24610.53204590036, 24622.032343181138, 24609.99760858319, 24610.100536192072, 24613.60679409408, 24584.155217763782, 24603.86448227696, 24614.44456552126, 24620.649138171346, 24610.28758839899], "6": [24663.99042753991, 24653.449806233737, 24656.589894364923, 24668.736269853835, 24655.5177145657, 24666.631818888643, 24660.51709764244, 24661.60899787148, 24657.56396681738, 24657.2665619179, 24669.258169320856, 24671.369097589486, 24650.507683890937, 24658.970526050893, 24653.125311595955, 24671.53092892021, 24651.381110028822, 24666.32893970752, 24666.763462156207, 24652.527853675263, 24665.671134167816, 24673.71674247045, 24667.961462071453, 24649.662505431235, 24669.267657116903, 24661.142794046304, 24652.44833392156, 24659.54814300518, 24647.609082447354, 24655.04414071943, 24647.76445189083, 24678.45261871389, 24670.96203300351, 24673.038559280663, 24656.01762356198, 24657.551816542997, 24676.267626098073, 24665.592738721338, 24672.716578604126, 24661.868947594303, 24661.214348120062, 24656.152400742023, 24644.138673069217, 24658.604428217746, 24659.171124919845, 24668.672036701853, 24631.78738448129, 24653.944188978952, 24657.00886816217, 24658.956766748535], "7": [24718.450631926087, 24692.286612818712, 24701.83567657167, 24693.52095252366, 24711.69175051554, 24703.92203661572, 24714.029276575686, 24688.425664155286, 24710.43630533552, 24712.77564282814, 24705.06955167121, 24724.274895779537, 24701.24288543086, 24711.504466779905, 24695.23637921848, 24696.506231039497, 24715.38590902051, 24696.60154081693, 24723.317541659537, 24702.393036025067, 24696.61118144211, 24694.94005403778, 24685.000770089475, 24718.419616916148, 24712.71093292845, 24705.79194719867, 24706.689951267697, 24709.491452902876, 24702.408534167673, 24710.61578162452, 24719.690473270657, 24715.34315302609, 24708.934314346054, 24692.52871055518, 24714.733873240064, 24698.590830685407, 24711.246555394664, 24686.239010220885, 24730.316850147068, 24706.535559721302, 24700.570482504474, 24705.982682405414, 24682.169338124444, 24726.260025385523, 24697.112959574442, 24712.91266362322, 24688.743766126867, 24725.87122936313, 24693.75017210495, 24695.615658802097], "8": [24762.068032021696, 24724.069530859677, 24764.001652593088, 24741.080893854523, 24718.143478220518, 24744.960759758073, 24738.260329698023, 24757.41177297789, 24738.88625362105, 24750.5384701159, 24723.11148005102, 24737.30338173497, 24744.432235431446, 24755.563731541002, 24750.405981549855, 24758.83939969471, 24758.429388462362, 24761.40199977204, 24748.08324396542, 24747.737191491768, 24732.07623356785, 24740.443582285356, 24739.877896279217, 24740.1010882728, 24762.013064151728, 24735.946635549953, 24756.345146116124, 24744.871796055104, 24751.60049038624, 24719.05790610161, 24764.53444855952, 24756.903045487765, 24746.614288343553, 24776.39633780008, 24757.34869363438, 24723.5071252375, 24731.658155749723, 24742.90132972422, 24735.93769126351, 24728.279643845748, 24748.166848714318, 24745.926258979795, 24754.77106938145, 24779.62346085123, 24744.406691119286, 24760.459159261598, 24701.159976203948, 24760.081760387642, 24759.047206286567, 24752.452161877372]}