{"1": [119254.85097652567, 119254.85097652567, 119254.85097652567, 119254.85097652567, 119254.85097652567, 119254.85097652567, 119254.85097652567, 119254.85097652567, 119254.85097652567, 119254.85097652567, 119254.85097652567, 119254.85097652567, 119254.85097652567, 119254.85097652567, 119254.85097652567, 119254.85097652567, 119254.85097652567, 119254.85097652567, 119254.85097652567, 119254.85097652567, 119254.85097652567, 119254.85097652567, 119254.85097652567, 119254.85097652567, 119254.85097652567, 119254.85097652567, 119254.85097652567, 119254.85097652567, 119254.85097652567, 119254.85097652567, 119254.85097652567, 119254.85097652567, 119254.85097652567, 119254.85097652567, 119254.85097652567, 119254.85097652567, 119254.85097652567, 119254.85097652567, 119254.85097652567, 119254.85097652567, 119254.85097652567, 119254.85097652567, 119254.85097652567, 119254.85097652567, 119254.85097652567, 119254.85097652567, 119254.85097652567, 119254.85097652567, 119254.85097652567, 119254.85097652567], "2": [119287.21835310987, 119287.14405302558, 119287.09002192004, 119287.09290459982, 119287.14695870542, 119287.10524575703, 119287.11952286583, 119287.24800183857, 119287.0747633469, 119287.12380716167, 119287.11153504651, 119287.17502719682, 119287.1284925169, 119287.22992041003, 119287.15673171649, 119287.13953691995, 119287.14610428995, 119287.08131488384, 119287.11150337817, 119287.26791253377, 119287.08381743851, 119287.13608169848, 119287.10821638044, 119287.10494449703, 119287.08582838062, 119287.31314612366, 119287.29780228707, 119287.23971569078, 119247.97147683182, 119287.27393033699, 119287.22554351614, 119287.11150337817, 119287.11487700808, 119248.36622052203, 119286.97972357727, 119287.21632156029, 119287.09186112863, 119287.21128644446, 119287.11150337817, 119248.04093828102, 119287.07358658391, 119287.12699857574, 119287.09008458501, 119287.26085157205, 119287.20310324126, 119287.11569861781, 119287.19126983007, 119287.17881191177, 119287.12699857574, 119287.27683707731], "3": [119273.00621172067, 119275.4134959379, 119275.37205118021, 119275.80979601227, 119272.9250847832, 119277.7766820358, 119272.28556259238, 119273.5461120285, 119273.41504919174, 119274.59647121218, 119277.6197860844, 119271.16103656654, 119275.0087692236, 119272.17479368701, 119274.85320791282, 119272.99980855874, 119274.6757919851, 119272.71907454028, 119272.45467453176, 119273.21360252713, 119275.43062298466, 119271.68841434983, 119273.04241115501, 119273.13180911672, 119272.86858324558, 119273.66232789459, 119296.97913020154, 119273.07879510659, 119274.3134598906, 119273.8613346957, 119275.59572677748, 119272.86288083313, 119272.93696751531, 119273.1417218562, 119277.08784408848, 119277.21405905124, 119275.15319239066, 119297.86882915001, 119276.23742315131, 119273.04276489696, 119272.23857337235, 119273.26697605237, 119273.62713121242, 119273.15228968726, 119271.88930868046, 119276.96745353885, 119273.70063338712, 119276.36237246121, 119273.2417908439, 119275.76176927921], "4": [119308.3084867801, 119309.29976534424, 119308.768082186, 119313.73256197484, 119308.91048202207, 119310.64640723311, 119307.91969246983, 119308.57248850838, 119318.41334538932, 119309.63817608618, 119343.99631150762, 119309.33868847726, 119309.3020447721, 119343.70561655561, 119310.06298247649, 119309.59806255021, 119308.70841759324, 119309.46365878027, 119308.44392295393, 119329.38588183242, 119317.21138432066, 119309.9962803331, 119307.74144039335, 119309.4831363261, 119308.45926075992, 119312.07605324022, 119309.5975489564, 119312.33735406294, 119314.77893272217, 119308.21029762444, 119309.84532383762, 119350.22701801517, 119345.82509220927, 119308.96260764508, 119316.49031023338, 119309.00742504178, 119309.15660189261, 119310.74623615244, 119316.90198656, 119309.8327291997, 119319.55288171124, 119320.41999678768, 119322.49074048724, 119308.62194463349, 119312.47099739073, 119345.25784031117, 119308.78996761257, 119308.2350930976, 119343.37117394921, 119310.2572222063], "5": [119374.9571248853, 119413.95388975949, 119368.46640377969, 119372.0584031904, 119387.54800302953, 119406.24200674675, 119369.04882906449, 119367.39544657462, 119382.93378861729, 119367.671451891, 119377.29048313008, 119367.98945888513, 119385.63918851916, 119380.42487504934, 119375.01553914949, 119371.89218276492, 119371.82931315643, 119367.9307078905, 119368.17028146879, 119368.30940599345, 119388.38807890135, 119392.76133692525, 119379.35995001034, 119383.08476532958, 119414.62331289628, 119374.81188323659, 119368.05719919213, 119372.15831541283, 119409.03882918347, 119368.46999329752, 119392.80612514277, 119368.85590015746, 119368.36881456854, 119406.05961341118, 119369.90188533474, 119367.49104512896, 119367.97825010617, 119408.46759639368, 119373.34151485964, 119376.74037900315, 119373.00261561103, 119383.88368244302, 119374.32066882524, 119370.16122773469, 119374.4271925775, 119412.81889534958, 119371.1810473081, 119377.25182275892, 119373.47497328596, 119405.00386180605], "6": [119444.69606932295, 119436.82455292183, 119432.09255132508, 119435.36452728258, 119432.97273895149, 119474.11818006421, 119436.35623710122, 119431.99589658898, 119446.355797922, 119432.6114820433, 119455.23666661863, 119433.03895790556, 119460.02526477056, 119441.68037965428, 119461.83281636472, 119427.57401534148, 119435.62306396056, 119449.71424786505, 119432.76464847791, 119440.11660799591, 119433.1103758886, 119424.77901254532, 119446.69108873369, 119438.04063497414, 119432.94755570381, 119441.6903295557, 119436.80588994916, 119445.40301070594, 119437.53224605274, 119433.69153156351, 119428.39546068378, 119433.92402494217, 119444.59617141398, 119440.69373892825, 119424.64625714181, 119433.66414371216, 119434.08180608942, 119436.8972402123, 119451.76031180673, 119425.43904359006, 119430.39661415346, 119449.31148641594, 119426.42216876672, 119435.87693487732, 119432.92546697505, 119468.16079485671, 119466.46914621304, 119448.2876476272, 119437.10689995241, 119423.67264731316], "7": [119510.7625887113, 119492.96825865544, 119496.89495202017, 119503.26530634661, 119505.6579264975, 119502.77376387028, 119513.23972502431, 119498.26480712312, 119481.41195978432, 119525.27941068092, 119493.58866113807, 119503.95228149793, 119506.64069040936, 119521.19338967024, 119495.05092940865, 119498.73236202255, 119514.1083602862, 119530.21050430942, 119507.96259436487, 119509.43326925194, 119499.23810494754, 119506.0029821584, 119499.39176314791, 119494.70474925006, 119500.20147354688, 119505.37264648272, 119494.27994826772, 119501.77554574136, 119510.24186520292, 119494.71505876032, 119503.06513561054, 119504.22001070737, 119486.49553049148, 119505.88517859217, 119528.5082443058, 119501.74243429171, 119497.53605787207, 119504.37493649869, 119484.29264331302, 119503.26961383496, 119501.10120805485, 119493.1046049251, 119518.01145092132, 119508.06321548668, 119506.18579166493, 119493.53576326901, 119517.10266015447, 119501.87795994789, 119509.11318500375, 119507.89374353903],