{"1": [38301.501849163586, 38301.501849163586, 38301.501849163586, 38301.501849163586, 38301.501849163586, 38301.501849163586, 38301.501849163586, 38301.501849163586, 38301.501849163586, 38301.501849163586, 38301.501849163586, 38301.501849163586, 38301.501849163586, 38301.501849163586, 38301.501849163586, 38301.501849163586, 38301.501849163586, 38301.501849163586, 38301.501849163586, 38301.501849163586, 38301.501849163586, 38301.501849163586, 38301.501849163586, 38301.501849163586, 38301.501849163586, 38301.501849163586, 38301.501849163586, 38301.501849163586, 38301.501849163586, 38301.501849163586, 38301.501849163586, 38301.501849163586, 38301.501849163586, 38301.501849163586, 38301.501849163586, 38301.501849163586, 38301.501849163586, 38301.501849163586, 38301.501849163586, 38301.501849163586, 38301.501849163586, 38301.501849163586, 38301.501849163586, 38301.501849163586, 38301.501849163586, 38301.501849163586, 38301.501849163586, 38301.501849163586, 38301.501849163586, 38301.501849163586], "2": [38350.199483514916, 38350.35418962184, 38350.40981114508, 38350.460355613446, 38350.18475293191, 38350.72833520905, 38350.47390160976, 38350.460355613446, 38350.22579213934, 38350.460355613446, 38350.01942064278, 38350.23913617503, 38350.199483514916, 38350.20455486617, 38350.05866960905, 38350.25932965366, 38350.18475293191, 38350.18625097707, 38350.05866960905, 38350.1353840847, 38350.43449646676, 38350.459079275555, 38350.48832675189, 38350.1353840847, 38350.199483514916, 38350.43449646676, 38350.07980090626, 38350.23882742769, 38350.45380832234, 38350.13255089183, 38350.45380832234, 38350.49983143706, 38350.43449646676, 38350.58282400219, 38350.47199465817, 38350.1353840847, 38350.1353840847, 38350.18475293191, 38350.08155340201, 38350.47390160976, 38350.1353840847, 38350.28874507544, 38350.04508202007, 38350.135487728265, 38350.58807031792, 38350.243347571355, 38351.182706281244, 38350.459079275555, 38350.53476292628, 38350.46236689339], "3": [38381.82779750597, 38381.828333820136, 38381.77070386096, 38381.81937432872, 38381.85187255589, 38381.81361157561, 38381.71633341446, 38381.806028260566, 38388.28761842597, 38381.77501979417, 38381.83173304334, 38396.344185274924, 38381.80998996676, 38381.796887167824, 38381.81663832614, 38397.07903332631, 38381.42158877801, 38381.767800572525, 38383.453081518506, 38396.762532073095, 38381.83160190723, 38381.842249447516, 38395.76441475537, 38381.81015941768, 38381.822656149954, 38381.38339683755, 38381.783918477195, 38396.33161637307, 38381.71468918038, 38381.78596570705, 38381.809164107275, 38381.58498438778, 38381.78426833371, 38381.78107913143, 38381.776081811615, 38381.848903817736, 38381.828333820136, 38383.85576289856, 38390.13703006711, 38381.780993171495, 38381.774584137216, 38395.06887655898, 38382.44391579066, 38381.28459355492, 38381.62132114537, 38384.25739910304, 38381.82051327994, 38381.796887167824, 38381.82468423883, 38381.83645707685], "4": [38437.041720777954, 38457.00391628731, 38446.056554261355, 38424.35676863292, 38443.45247640656, 38442.35582211038, 38442.79574951087, 38446.20638259291, 38441.555700736164, 38438.32641941437, 38445.78851340113, 38437.01251269471, 38441.2627896821, 38441.31508216885, 38446.1213885842, 38444.566803216534, 38441.24124839008, 38441.67008829916, 38444.223153825405, 38430.58148544749, 38448.47315027416, 38446.66283922832, 38445.91115173799, 38441.30549186498, 38442.60576903686, 38424.33323438923, 38441.16869964346, 38441.38210733394, 38441.15563886895, 38435.1562260354, 38441.21585920814, 38445.93191788859, 38443.35567060142, 38441.22268808976, 38450.446517784716, 38435.18061118581, 38430.9050214969, 38439.66655506908, 38445.28884944116, 38442.956493292506, 38446.47932335634, 38441.58660434269, 38442.05350853385, 38443.472163019345, 38445.79307900608, 38445.93678570355, 38435.153235341044, 38441.64602678832, 38446.373581151, 38437.06325443421], "5": [38499.282480451475, 38503.71597699114, 38481.44197816105, 38507.06598089851, 38499.592687031385, 38507.12417571661, 38505.52474920024, 38505.49239598358, 38491.5870900967, 38482.77239505545, 38501.07584714727, 38493.2252488952, 38502.484420976565, 38504.89857752668, 38507.0946333399, 38501.10108736185, 38506.446704436574, 38503.54623405653, 38501.17705728618, 38486.19662661816, 38501.0528113589, 38497.472983990556, 38503.30686049092, 38499.168131035985, 38491.355259674914, 38506.57237361202, 38504.66470603647, 38497.44624313634, 38505.76983406599, 38498.784275658065, 38501.96729203698, 38502.17719820281, 38500.54712314271, 38502.19247520012, 38502.128358561895, 38506.32214914705, 38498.16050487255, 38506.6054744799, 38504.27201838583, 38501.729013958364, 38506.06225231977, 38477.235107995395, 38501.50584399476, 38506.40368010644, 38501.93305759911, 38497.186067582064, 38499.341941823004, 38504.583643905964, 38498.257997987086, 38482.82409588114], "6": [38553.369805717884, 38556.866106445574, 38562.178672564216, 38564.602445332035, 38554.26051882749, 38562.4057544107, 38566.488130869206, 38547.29378735993, 38563.89071465606, 38551.28266829776, 38545.45300860242, 38538.70472290474, 38545.17838764048, 38544.31668416731, 38563.609118952074, 38554.571331473715, 38565.7827238857, 38563.58930863116, 38561.27867907193, 38541.759346678984, 38549.00298248132, 38552.35165622548, 38559.93745617971, 38536.35973562761, 38559.73212752003, 38556.88400675123, 38528.77646081894, 38560.56529981091, 38541.46596140137, 38563.897877784555, 38558.58249865172, 38565.51636870772, 38545.62191322154, 38552.186322957896, 38563.13533198699, 38553.06437122461, 38546.90652142424, 38559.305249028504, 38542.57531850211, 38551.207881405215, 38556.51403271557, 38567.22943138453, 38547.40428052407, 38551.614707420034, 38563.798200872894, 38548.06117554879, 38557.75580882371, 38558.12722605073, 38562.74070688859, 38547.08803747041], "7": [38597.67844137963, 38614.19999918857, 38595.46177167992, 38585.73901893604, 38604.029196316, 38578.80596670721, 38600.36770826034, 38625.28063145519, 38600.638045871725, 38583.66121998556, 38620.07530362456, 38625.47997271055, 38615.08074719788, 38627.864643308974, 38617.22411919159, 38618.50789828688, 38610.32615089763, 38587.23523460301, 38628.51744246649, 38621.33039317619, 38597.61134981346, 38610.12517214068, 38619.830934779005, 38590.05207969951, 38609.289903966186, 38596.23321413738, 38580.19694140889, 38624.404077390966, 38611.72533032735, 38605.176042049316, 38623.32843734022, 38605.7142181143, 38616.70716854367, 38590.196810960675, 38600.039668926845, 38607.20155518216, 38603.161149903935, 38594.00880888612, 38607.65912337835, 38594.25267115436, 38594.95706057074, 38600.367586918845, 38589.893501798666, 38627.946513515446, 38593.01608477642, 38616.10512961754, 38587.35258951364, 38597.03381087979, 38612.82828250305, 38599.500755545465], "8": [38647.330349657444, 38648.13110108006, 38660.591911315045, 38652.71858828713, 38654.580731744856, 38662.74700883508, 38663.36481550426, 38633.71414211173, 38644.03341280437, 38667.14068265287, 38670.40748861301, 38675.71190872119, 38675.214872565324, 38661.711572076674, 38648.017784732285, 38663.22465619851, 38664.3773212635, 38662.159986873594, 38651.38313678426, 38636.28088329108, 38636.217233216186, 38623.98221634142, 38654.011057742406, 38664.772481035216, 38648.58289689354, 38648.166689648766, 38635.99925414949, 38635.9479847189, 38675.16168448956, 38641.88098754089, 38686.215669377554, 38668.2473551789, 38679.505627267026, 38653.09001515118, 38675.72600896155, 38631.74097500555, 38674.482691836034, 38649.54789331829, 38666.479067325236, 38631.24946815925, 38638.367945499354, 38665.89267627068, 38665.50707781674, 38645.583821364715, 38664.66592446249, 38664.455391778334, 38669.54200809102, 38679.2950373568, 38679.17665311471, 38656.47586787994]}